"規則名"	"説明"	"有効"	"方向"	"プロファイル"	"グループ"	"ローカル IP"	"リモート IP"	"プロトコル"	"Type,Code[;...]"	"ローカル ポート"	"リモート ポート"	"エッジ トラバーサル"	"プログラム"	"サービス"	"インターフェイスの種類"	"リモート コンピューター グループ"	"リモート ユーザー グループ"	"セキュリティ"	"規則のソース"	"操作"
"AllJoyn ルーター (TCP 受信)"	"AllJoyn ルーターのトラフィックの受信規則です [TCP]"	"はい"	"入力"	"ドメイン,プライベート"	"AllJoyn ルーター"	"任意"	"任意"	"TCP"	""	"9955"	"任意"	"いいえ"	"%SystemRoot%\system32\svchost.exe"	"AJRouter"	"任意"	""	""	"NotRequired"	"ローカル設定"	"許可"
"AllJoyn ルーター (TCP 送信)"	"AllJoyn ルーターのトラフィックの送信規則です [TCP]"	"はい"	"出力"	"ドメイン,プライベート"	"AllJoyn ルーター"	"任意"	"任意"	"TCP"	""	"任意"	"任意"	"いいえ"	"%SystemRoot%\system32\svchost.exe"	"AJRouter"	"任意"	""	""	"NotRequired"	"ローカル設定"	"許可"
"AllJoyn ルーター (UDP 受信)"	"AllJoyn ルーター トラフィックの受信規則です [UDP]"	"はい"	"入力"	"ドメイン,プライベート"	"AllJoyn ルーター"	"任意"	"任意"	"UDP"	""	"任意"	"任意"	"いいえ"	"%SystemRoot%\system32\svchost.exe"	"AJRouter"	"任意"	""	""	"NotRequired"	"ローカル設定"	"許可"
"AllJoyn ルーター (UDP 受信)"	"AllJoyn ルーター トラフィックの受信規則です [UDP]"	"はい"	"入力"	"ドメイン,プライベート"	"AllJoyn ルーター"	"任意"	"任意"	"UDP"	""	"任意"	"任意"	"いいえ"	"%SystemRoot%\system32\svchost.exe"	"CDPSvc"	"任意"	""	""	"NotRequired"	"ローカル設定"	"許可"
"AllJoyn ルーター (UDP 送信)"	"AllJoyn ルーターのトラフィックの送信規則です [UDP]"	"はい"	"出力"	"ドメイン,プライベート"	"AllJoyn ルーター"	"任意"	"任意"	"UDP"	""	"任意"	"任意"	"いいえ"	"%SystemRoot%\system32\svchost.exe"	"AJRouter"	"任意"	""	""	"NotRequired"	"ローカル設定"	"許可"
"AllJoyn ルーター (UDP 送信)"	"AllJoyn ルーターのトラフィックの送信規則です [UDP]"	"はい"	"出力"	"ドメイン,プライベート"	"AllJoyn ルーター"	"任意"	"任意"	"UDP"	""	"任意"	"任意"	"いいえ"	"%SystemRoot%\system32\svchost.exe"	"CDPSvc"	"任意"	""	""	"NotRequired"	"ローカル設定"	"許可"
"Connected User Experiences and Telemetry"	"統合製品利用統計情報クライアント送信トラフィック"	"はい"	"出力"	"ドメイン,プライベート,パブリック"	"DiagTrack"	"任意"	"任意"	"TCP"	""	"任意"	"任意"	"いいえ"	""	"DiagTrack"	"任意"	""	""	"NotRequired"	"ローカル設定"	"許可"
"Delivery Optimization (TCP-In)"	"リモート エンドポイントに接続する配信の最適化を許可するための受信規則です"	"はい"	"入力"	"ドメイン,プライベート,パブリック"	"Delivery Optimization"	"任意"	"任意"	"TCP"	""	"7680"	"任意"	"はい"	"%SystemRoot%\system32\svchost.exe"	"dosvc"	"任意"	""	""	"NotRequired"	"ローカル設定"	"許可"
"Delivery Optimization (UDP-In)"	"リモート エンドポイントに接続する配信の最適化を許可するための受信規則です"	"はい"	"入力"	"ドメイン,プライベート,パブリック"	"Delivery Optimization"	"任意"	"任意"	"UDP"	""	"7680"	"任意"	"はい"	"%SystemRoot%\system32\svchost.exe"	"dosvc"	"任意"	""	""	"NotRequired"	"ローカル設定"	"許可"
"DIAL プロトコル サーバー (HTTP 受信)"	"HTTP を使用したアプリのリモート制御を許可するための DIAL プロトコル サーバーの受信規則です。[TCP 10247]"	"はい"	"入力"	"ドメイン"	"DIAL プロトコル サーバー"	"任意"	"任意"	"TCP"	""	"10247"	"任意"	"いいえ"	"System"	""	"任意"	""	""	"NotRequired"	"ローカル設定"	"許可"
"DIAL プロトコル サーバー (HTTP 受信)"	"HTTP を使用したアプリのリモート制御を許可するための DIAL プロトコル サーバーの受信規則です。[TCP 10247]"	"はい"	"入力"	"プライベート"	"DIAL プロトコル サーバー"	"任意"	"LocalSubnet"	"TCP"	""	"10247"	"任意"	"いいえ"	"System"	""	"任意"	""	""	"NotRequired"	"ローカル設定"	"許可"
"iSCSI サービス (TCP 受信)"	"iSCSI サーバーまたはデバイスとの通信を許可するための iSCSI サービスの受信規則です。[TCP]"	"いいえ"	"入力"	"ドメイン"	"iSCSI サービス"	"任意"	"任意"	"TCP"	""	"任意"	"任意"	"いいえ"	"%SystemRoot%\system32\svchost.exe"	"Msiscsi"	"任意"	""	""	"NotRequired"	"ローカル設定"	"許可"
"iSCSI サービス (TCP 受信)"	"iSCSI サーバーまたはデバイスとの通信を許可するための iSCSI サービスの受信規則です。[TCP]"	"いいえ"	"入力"	"プライベート,パブリック"	"iSCSI サービス"	"任意"	"LocalSubnet"	"TCP"	""	"任意"	"任意"	"いいえ"	"%SystemRoot%\system32\svchost.exe"	"Msiscsi"	"任意"	""	""	"NotRequired"	"ローカル設定"	"許可"
"iSCSI サービス (TCP 送信)"	"iSCSI サーバーまたはデバイスとの通信を許可するための iSCSI サービスの送信規則です。[TCP]"	"いいえ"	"出力"	"ドメイン"	"iSCSI サービス"	"任意"	"任意"	"TCP"	""	"任意"	"任意"	"いいえ"	"%SystemRoot%\system32\svchost.exe"	"Msiscsi"	"任意"	""	""	"NotRequired"	"ローカル設定"	"許可"
"iSCSI サービス (TCP 送信)"	"iSCSI サーバーまたはデバイスとの通信を許可するための iSCSI サービスの送信規則です。[TCP]"	"いいえ"	"出力"	"プライベート,パブリック"	"iSCSI サービス"	"任意"	"LocalSubnet"	"TCP"	""	"任意"	"任意"	"いいえ"	"%SystemRoot%\system32\svchost.exe"	"Msiscsi"	"任意"	""	""	"NotRequired"	"ローカル設定"	"許可"
"mDNS (UDP 受信)"	"mDNS トラフィックの受信規則 [UDP]"	"はい"	"入力"	"ドメイン,プライベート,パブリック"	"mDNS"	"任意"	"任意"	"UDP"	""	"mDNS"	"任意"	"いいえ"	"%SystemRoot%\system32\svchost.exe"	"dnscache"	"任意"	""	""	"NotRequired"	"ローカル設定"	"許可"
"mDNS (UDP 送信)"	"mDNS トラフィックの送信規則 [UDP]"	"はい"	"出力"	"ドメイン,プライベート,パブリック"	"mDNS"	"任意"	"任意"	"UDP"	""	"5353"	"任意"	"いいえ"	"%SystemRoot%\system32\svchost.exe"	"dnscache"	"任意"	""	""	"NotRequired"	"ローカル設定"	"許可"
"Media Center Extender - HTTP ストリーミング (TCP-In)"	"HTTP Media ストリーミングを許可するための Media Center Extender の受信規則です。[TCP 10244]"	"いいえ"	"入力"	"ドメイン,プライベート,パブリック"	"Media Center Extender"	"任意"	"LocalSubnet"	"TCP"	""	"10244"	"任意"	"いいえ"	"System"	""	"任意"	""	""	"NotRequired"	"ローカル設定"	"許可"
"Media Center Extender - qWave (TCP 受信)"	"高品質な Windows オーディオ ビデオ エクスペリエンス サービスの使用を許可するための Media Center Extender の受信規則です。[TCP 2177]"	"いいえ"	"入力"	"ドメイン,プライベート,パブリック"	"Media Center Extender"	"任意"	"LocalSubnet"	"TCP"	""	"2177"	"任意"	"いいえ"	"%SystemRoot%\system32\svchost.exe"	"Qwave"	"任意"	""	""	"NotRequired"	"ローカル設定"	"許可"
"Media Center Extender - qWave (TCP 送信)"	"高品質な Windows オーディオ ビデオ エクスペリエンス サービスの使用を許可するための Media Center Extender の送信規則です。[TCP 2177]"	"いいえ"	"出力"	"ドメイン,プライベート,パブリック"	"Media Center Extender"	"任意"	"LocalSubnet"	"TCP"	""	"任意"	"2177"	"いいえ"	"%SystemRoot%\system32\svchost.exe"	"Qwave"	"任意"	""	""	"NotRequired"	"ローカル設定"	"許可"
"Media Center Extender - qWave (UDP 受信)"	"高品質な Windows オーディオ ビデオ エクスペリエンス サービスの使用を許可するための Media Center Extender の受信規則です。[UDP 2177]"	"いいえ"	"入力"	"ドメイン,プライベート,パブリック"	"Media Center Extender"	"任意"	"LocalSubnet"	"UDP"	""	"2177"	"任意"	"いいえ"	"%SystemRoot%\system32\svchost.exe"	"Qwave"	"任意"	""	""	"NotRequired"	"ローカル設定"	"許可"
"Media Center Extender - qWave (UDP 送信)"	"高品質な Windows オーディオ ビデオ エクスペリエンス サービスの使用を許可するための Media Center Extender の送信規則です。[UDP 2177]"	"いいえ"	"出力"	"ドメイン,プライベート,パブリック"	"Media Center Extender"	"任意"	"LocalSubnet"	"UDP"	""	"任意"	"2177"	"いいえ"	"%SystemRoot%\system32\svchost.exe"	"Qwave"	"任意"	""	""	"NotRequired"	"ローカル設定"	"許可"
"Media Center Extender - RTSP (TCP 受信)"	"RTSP AV 制御を許可するための Media Center Extender の受信規則です。[TCP 554、TCP 8554-8558]"	"いいえ"	"入力"	"ドメイン,プライベート,パブリック"	"Media Center Extender"	"任意"	"LocalSubnet"	"TCP"	""	"554,8554,8555,8556,8557,8558"	"任意"	"いいえ"	"%SystemRoot%\ehome\ehshell.exe"	""	"任意"	""	""	"NotRequired"	"ローカル設定"	"許可"
"Media Center Extender - RTSP (TCP 送信)"	"WMDRM-ND および RTSP AV 制御を許可するための Media Center Extender の送信規則です。[TCP]"	"いいえ"	"出力"	"ドメイン,プライベート,パブリック"	"Media Center Extender"	"任意"	"LocalSubnet"	"TCP"	""	"任意"	"任意"	"いいえ"	"%SystemRoot%\ehome\ehshell.exe"	""	"任意"	""	""	"NotRequired"	"ローカル設定"	"許可"
"Media Center Extender - SSDP (UDP 受信)"	"Simple Service Discovery Protocol の使用を許可するための Media Center Extender の受信規則です。[UDP 1900]"	"いいえ"	"入力"	"ドメイン,プライベート,パブリック"	"Media Center Extender"	"任意"	"LocalSubnet"	"UDP"	""	"1900"	"任意"	"いいえ"	"%SystemRoot%\system32\svchost.exe"	"Ssdpsrv"	"任意"	""	""	"NotRequired"	"ローカル設定"	"許可"
"Media Center Extender - SSDP (UDP 送信)"	"Simple Service Discovery Protocol の使用を許可するための Media Center Extender の送信規則です。[UDP 1900]"	"いいえ"	"出力"	"ドメイン,プライベート,パブリック"	"Media Center Extender"	"任意"	"LocalSubnet"	"UDP"	""	"任意"	"1900"	"いいえ"	"%SystemRoot%\system32\svchost.exe"	"Ssdpsrv"	"任意"	""	""	"NotRequired"	"ローカル設定"	"許可"
"Media Center Extender - WMDRM-ND/RTP/RTCP (UDP 受信)"	"WMDRM-ND および RTP/RTCP AV ストリーミングを許可するための Media Center Extender の受信規則です。[UDP 7777-7781、UDP 5004-5005、UDP 50004-50013]"	"いいえ"	"入力"	"ドメイン,プライベート,パブリック"	"Media Center Extender"	"任意"	"LocalSubnet"	"UDP"	""	"7777,7778,7779,7780,7781,5004,5005,50004,50005,50006,50007,50008,50009,50010,50011,50012,50013"	"任意"	"いいえ"	"%SystemRoot%\ehome\ehshell.exe"	""	"任意"	""	""	"NotRequired"	"ローカル設定"	"許可"
"Media Center Extender - WMDRM-ND/RTP/RTCP (UDP 送信)"	"WMDRM-ND および RTP/RTCP AV ストリーミングを許可するための Media Center Extender の送信規則です。[UDP]"	"いいえ"	"出力"	"ドメイン,プライベート,パブリック"	"Media Center Extender"	"任意"	"LocalSubnet"	"UDP"	""	"任意"	"任意"	"いいえ"	"%SystemRoot%\ehome\ehshell.exe"	""	"任意"	""	""	"NotRequired"	"ローカル設定"	"許可"
"Media Center Extender - XSP (TCP 受信)"	"ターミナル セッションを許可するための Media Center Extender の受信規則です。[TCP 3390]"	"いいえ"	"入力"	"ドメイン,プライベート,パブリック"	"Media Center Extender"	"任意"	"LocalSubnet"	"TCP"	""	"3390"	"任意"	"いいえ"	"%SystemRoot%\system32\svchost.exe"	"termservice"	"任意"	""	""	"NotRequired"	"ローカル設定"	"許可"
"Media Center Extender - サービス (TCP 送信)"	"コンピューターの場所を検出して接続するため、Extender デバイスを許可するための Media Center Extender の送信規則です。[TCP]"	"いいえ"	"出力"	"ドメイン,プライベート,パブリック"	"Media Center Extender"	"任意"	"LocalSubnet"	"TCP"	""	"任意"	"任意"	"いいえ"	"%SystemRoot%\system32\svchost.exe"	"mcx2svc"	"任意"	""	""	"NotRequired"	"ローカル設定"	"許可"
"Media Center Extender - デバイス プロビジョニング (TCP 送信)"	"デバイス プロビジョニングのトラフィックを許可するための Media Center Extender の送信規則です。[TCP]"	"いいえ"	"出力"	"ドメイン,プライベート,パブリック"	"Media Center Extender"	"任意"	"任意"	"TCP"	""	"任意"	"任意"	"いいえ"	"%SystemRoot%\ehome\mcx2prov.exe"	""	"任意"	""	""	"NotRequired"	"ローカル設定"	"許可"
"Media Center Extenders - Media ストリーミング (TCP-In)"	"Media ストリーミングの UPnP トラフィックを許可するための Media Center Extenders の受信規則です。[TCP 2869]"	"いいえ"	"入力"	"ドメイン,プライベート,パブリック"	"Media Center Extender"	"任意"	"LocalSubnet"	"TCP"	""	"2869"	"任意"	"いいえ"	"System"	""	"任意"	""	""	"NotRequired"	"ローカル設定"	"許可"
"Media Center Extenders - Media ストリーミング (TCP-Out)"	"Media ストリーミングの UPnP トラフィックを許可するための Media Center Extenders の送信規則です。[TCP]"	"いいえ"	"出力"	"ドメイン,プライベート,パブリック"	"Media Center Extender"	"任意"	"LocalSubnet"	"TCP"	""	"任意"	"任意"	"いいえ"	"%SystemRoot%\system32\svchost.exe"	"upnphost"	"任意"	""	""	"NotRequired"	"ローカル設定"	"許可"
"Media Center Extenders - Media ストリーミング (UDP-Out)"	"Media ストリーミング用デバイスに SSDP による検索への応答を許可するための Media Center Extenders の送信規則です。[UDP 1900]"	"いいえ"	"出力"	"ドメイン,プライベート,パブリック"	"Media Center Extender"	"任意"	"LocalSubnet"	"UDP"	""	"1900"	"任意"	"いいえ"	"%SystemRoot%\system32\svchost.exe"	"Ssdpsrv"	"任意"	""	""	"NotRequired"	"ローカル設定"	"許可"
"Media Center Extenders - UPnP (TCP-Out)"	"UPnP デバイスにデバイス情報を送信することを許可するための Media Center Extenders の送信規則です。[TCP]"	"いいえ"	"出力"	"ドメイン,プライベート,パブリック"	"Media Center Extender"	"任意"	"LocalSubnet"	"TCP"	""	"任意"	"任意"	"いいえ"	"%SystemRoot%\system32\svchost.exe"	"fdphost"	"任意"	""	""	"NotRequired"	"ローカル設定"	"許可"
"Media Center Extenders - デバイス評価 (TCP-Out)"	"Media ストリーミングのデバイス評価用トラフィックを許可するための Media Center Extenders の送信規則です。[TCP]"	"いいえ"	"出力"	"ドメイン,プライベート,パブリック"	"Media Center Extender"	"任意"	"任意"	"TCP"	""	"任意"	"任意"	"いいえ"	"%SystemRoot%\ehome\mcrmgr.exe"	""	"任意"	""	""	"NotRequired"	"ローカル設定"	"許可"
"Netlogon サービス (NP 受信)"	"Netlogon サービスを名前付きパイプ経由でリモート管理するための受信規則です。"	"いいえ"	"入力"	"ドメイン,プライベート,パブリック"	"Netlogon サービス"	"任意"	"任意"	"TCP"	""	"445"	"任意"	"いいえ"	"System"	""	"任意"	""	""	"NotRequired"	"ローカル設定"	"許可"
"Netlogon サービス Authz (RPC)"	"RPC/TCP 経由のリモート authz 要求を処理するための、NetLogon サービスの受信規則です。"	"いいえ"	"入力"	"ドメイン,プライベート,パブリック"	"Netlogon サービス"	"任意"	"任意"	"TCP"	""	"RPC"	"任意"	"いいえ"	"%SystemRoot%\System32\lsass.exe"	""	"任意"	""	""	"NotRequired"	"ローカル設定"	"許可"
"Secure Socket トンネリング プロトコル (SSTP 受信)"	"Secure Socket トンネリング プロトコルの HTTPS トラフィックを許可するための受信規則です。[TCP 443]"	"いいえ"	"入力"	"ドメイン,プライベート,パブリック"	"Secure Socket トンネリング プロトコル"	"任意"	"任意"	"TCP"	""	"443"	"任意"	"いいえ"	"System"	""	"任意"	""	""	"NotRequired"	"ローカル設定"	"許可"
"SNMP トラップ サービス (UDP 受信)"	"SNMP トラップを許可する SNMP トラップ サービスの受信規則です。[UDP 162]"	"いいえ"	"入力"	"ドメイン"	"SNMP Trap"	"任意"	"任意"	"UDP"	""	"162"	"任意"	"いいえ"	"%SystemRoot%\system32\snmptrap.exe"	"SNMPTRAP"	"任意"	""	""	"NotRequired"	"ローカル設定"	"許可"
"SNMP トラップ サービス (UDP 受信)"	"SNMP トラップを許可する SNMP トラップ サービスの受信規則です。[UDP 162]"	"いいえ"	"入力"	"プライベート,パブリック"	"SNMP Trap"	"任意"	"LocalSubnet"	"UDP"	""	"162"	"任意"	"いいえ"	"%SystemRoot%\system32\snmptrap.exe"	"SNMPTRAP"	"任意"	""	""	"NotRequired"	"ローカル設定"	"許可"
"TCP 上の近接通信共有 (TCP 共有)"	"TCP 上の近接通信共有の受信規則"	"はい"	"入力"	"ドメイン,プライベート,パブリック"	"近接通信共有"	"任意"	"任意"	"TCP"	""	"任意"	"任意"	"いいえ"	"%SystemRoot%\system32\proximityuxhost.exe"	""	"任意"	""	""	"NotRequired"	"ローカル設定"	"許可"
"TCP 上の近接通信共有 (TCP 配分)"	"TCP 上の近接通信共有の送信規則"	"はい"	"出力"	"ドメイン,プライベート,パブリック"	"近接通信共有"	"任意"	"任意"	"TCP"	""	"任意"	"任意"	"いいえ"	"%SystemRoot%\system32\proximityuxhost.exe"	""	"任意"	""	""	"NotRequired"	"ローカル設定"	"許可"
"Teredo のネットワーク探索 (SSDP 受信)"	"Simple Service Discovery Protocol の使用を許可するためのネットワーク探索の受信規則です。[UDP 1900]"	"はい"	"入力"	"パブリック"	"ネットワーク探索"	"任意"	"任意"	"UDP"	""	"任意"	"任意"	"いいえ"	"%SystemRoot%\system32\svchost.exe"	"Ssdpsrv"	"任意"	""	""	"NotRequired"	"ローカル設定"	"許可"
"Teredo のネットワーク探索 (UPnP 受信)"	"ユニバーサル プラグ アンド プレイの使用を許可するためのネットワーク探索の受信規則です。[TCP 2869]"	"はい"	"入力"	"パブリック"	"ネットワーク探索"	"任意"	"任意"	"TCP"	""	"任意"	"任意"	"いいえ"	"System"	""	"任意"	""	""	"NotRequired"	"ローカル設定"	"許可"
"TPM 仮想スマートカード管理 (DCOM 受信)"	"DCOM アクティベーションを許可するためのリモート TPM 仮想スマートカード管理の受信規則です。[TCP 135]"	"いいえ"	"入力"	"ドメイン"	"TPM 仮想スマートカード管理"	"任意"	"任意"	"TCP"	""	"135"	"任意"	"いいえ"	"%SystemRoot%\system32\svchost.exe"	"rpcss"	"任意"	""	""	"NotRequired"	"ローカル設定"	"許可"
"TPM 仮想スマートカード管理 (DCOM 受信)"	"DCOM アクティベーションを許可するためのリモート TPM 仮想スマートカード管理の受信規則です。[TCP 135]"	"いいえ"	"入力"	"プライベート,パブリック"	"TPM 仮想スマートカード管理"	"任意"	"LocalSubnet"	"TCP"	""	"135"	"任意"	"いいえ"	"%SystemRoot%\system32\svchost.exe"	"rpcss"	"任意"	""	""	"NotRequired"	"ローカル設定"	"許可"
"TPM 仮想スマートカード管理 (TCP 受信)"	"リモート TPM 仮想スマートカード管理トラフィックの受信規則です。[TCP]"	"いいえ"	"入力"	"ドメイン"	"TPM 仮想スマートカード管理"	"任意"	"任意"	"TCP"	""	"任意"	"任意"	"いいえ"	"%SystemRoot%\system32\RmtTpmVscMgrSvr.exe"	""	"任意"	""	""	"NotRequired"	"ローカル設定"	"許可"
"TPM 仮想スマートカード管理 (TCP 受信)"	"リモート TPM 仮想スマートカード管理トラフィックの受信規則です。[TCP]"	"いいえ"	"入力"	"プライベート,パブリック"	"TPM 仮想スマートカード管理"	"任意"	"LocalSubnet"	"TCP"	""	"任意"	"任意"	"いいえ"	"%SystemRoot%\system32\RmtTpmVscMgrSvr.exe"	""	"任意"	""	""	"NotRequired"	"ローカル設定"	"許可"
"TPM 仮想スマートカード管理 (TCP 送信)"	"リモート TPM 仮想スマートカード管理トラフィックの送信規則です。[TCP]"	"いいえ"	"出力"	"ドメイン"	"TPM 仮想スマートカード管理"	"任意"	"任意"	"TCP"	""	"任意"	"任意"	"いいえ"	"%SystemRoot%\system32\RmtTpmVscMgrSvr.exe"	""	"任意"	""	""	"NotRequired"	"ローカル設定"	"許可"
"TPM 仮想スマートカード管理 (TCP 送信)"	"リモート TPM 仮想スマートカード管理トラフィックの送信規則です。[TCP]"	"いいえ"	"出力"	"プライベート,パブリック"	"TPM 仮想スマートカード管理"	"任意"	"LocalSubnet"	"TCP"	""	"任意"	"任意"	"いいえ"	"%SystemRoot%\system32\RmtTpmVscMgrSvr.exe"	""	"任意"	""	""	"NotRequired"	"ローカル設定"	"許可"
"WFD ASP Coordination Protocol (UDP 受信)"	"WFD サービス セッションの調整プロトコルを許可するための WLAN サービスの受信規則 [UDP 7235]"	"はい"	"入力"	"ドメイン,プライベート,パブリック"	"WLAN サービス - WFD Application Services Platform Coordination Protocol (UDP 使用)"	"任意"	"LocalSubnet"	"UDP"	""	"7235"	"7235"	"いいえ"	"%systemroot%\system32\svchost.exe"	"WlanSvc"	"任意"	""	""	"NotRequired"	"ローカル設定"	"許可"
"WFD ASP Coordination Protocol (UDP 送信)"	"WFD サービス セッションの調整プロトコルを許可するための WLAN サービスの送信規則 [UDP 7235]"	"はい"	"出力"	"ドメイン,プライベート,パブリック"	"WLAN サービス - WFD Application Services Platform Coordination Protocol (UDP 使用)"	"任意"	"LocalSubnet"	"UDP"	""	"7235"	"7235"	"いいえ"	"%systemroot%\system32\svchost.exe"	"WlanSvc"	"任意"	""	""	"NotRequired"	"ローカル設定"	"許可"
"WFD ドライバーのみ (TCP 受信)"	"ドライバーが WFD 経由で通信するための受信規則 (TCP 受信)"	"はい"	"入力"	"ドメイン,プライベート,パブリック"	"WLAN サービス - WFD サービス カーネル モード ドライバー規則"	"任意"	"任意"	"TCP"	""	"任意"	"任意"	"いいえ"	"System"	""	"任意"	""	""	"NotRequired"	"ローカル設定"	"許可"
"WFD ドライバーのみ (TCP 送信)"	"ドライバーが WFD 経由で通信するための受信規則 (TCP 送信)"	"はい"	"出力"	"ドメイン,プライベート,パブリック"	"WLAN サービス - WFD サービス カーネル モード ドライバー規則"	"任意"	"任意"	"TCP"	""	"任意"	"任意"	"いいえ"	"System"	""	"任意"	""	""	"NotRequired"	"ローカル設定"	"許可"
"WFD ドライバーのみ (UDP 受信)"	"ドライバーが WFD 経由で通信するための受信規則 (UDP 受信)"	"はい"	"入力"	"ドメイン,プライベート,パブリック"	"WLAN サービス - WFD サービス カーネル モード ドライバー規則"	"任意"	"任意"	"UDP"	""	"任意"	"任意"	"いいえ"	"System"	""	"任意"	""	""	"NotRequired"	"ローカル設定"	"許可"
"WFD ドライバーのみ (UDP 送信)"	"ドライバーが WFD 経由で通信するための受信規則 (UDP 送信)"	"はい"	"出力"	"ドメイン,プライベート,パブリック"	"WLAN サービス - WFD サービス カーネル モード ドライバー規則"	"任意"	"任意"	"UDP"	""	"任意"	"任意"	"いいえ"	"System"	""	"任意"	""	""	"NotRequired"	"ローカル設定"	"許可"
"Wi-Fi Direct スキャン サービスの使用 (受信)"	"Wi-Fi Direct ネットワークで WSD スキャナーを使用するための受信規則です。"	"はい"	"入力"	"パブリック"	"Wi-Fi Direct ネットワーク探索"	"任意"	"任意"	"任意"	""	""	""	"いいえ"	"%SystemRoot%\system32\svchost.exe"	"stisvc"	"任意"	""	""	"NotRequired"	"ローカル設定"	"許可"
"Wi-Fi Direct スキャン サービスの使用 (送信)"	"Wi-Fi Direct ネットワークで WSD スキャナーを使用するための送信規則です。"	"はい"	"出力"	"パブリック"	"Wi-Fi Direct ネットワーク探索"	"任意"	"任意"	"任意"	""	""	""	"いいえ"	"%SystemRoot%\system32\svchost.exe"	"stisvc"	"任意"	""	""	"NotRequired"	"ローカル設定"	"許可"
"Wi-Fi Direct スプーラーの使用 (受信)"	"Wi-Fi Direct ネットワークで WSD プリンターを使用するための受信規則です。"	"はい"	"入力"	"パブリック"	"Wi-Fi Direct ネットワーク探索"	"任意"	"任意"	"任意"	""	""	""	"いいえ"	"%SystemRoot%\system32\spoolsv.exe"	"Spooler"	"任意"	""	""	"NotRequired"	"ローカル設定"	"許可"
"Wi-Fi Direct スプーラーの使用 (送信)"	"Wi-Fi Direct ネットワークで WSD プリンターを使用するための送信規則です。"	"はい"	"出力"	"パブリック"	"Wi-Fi Direct ネットワーク探索"	"任意"	"任意"	"任意"	""	""	""	"いいえ"	"%SystemRoot%\system32\spoolsv.exe"	"Spooler"	"任意"	""	""	"NotRequired"	"ローカル設定"	"許可"
"Wi-Fi Direct ネットワーク探索 (受信)"	"Wi-Fi Direct ネットワークで WSD デバイスを探索するための受信規則です。"	"はい"	"入力"	"パブリック"	"Wi-Fi Direct ネットワーク探索"	"任意"	"任意"	"任意"	""	""	""	"いいえ"	"%SystemRoot%\system32\dashost.exe"	""	"任意"	""	""	"NotRequired"	"ローカル設定"	"許可"
"Wi-Fi Direct ネットワーク探索 (送信)"	"Wi-Fi Direct ネットワークで WSD デバイスを探索するための送信規則です。"	"はい"	"出力"	"パブリック"	"Wi-Fi Direct ネットワーク探索"	"任意"	"任意"	"任意"	""	""	""	"いいえ"	"%SystemRoot%\system32\dashost.exe"	""	"任意"	""	""	"NotRequired"	"ローカル設定"	"許可"
"Windows Management Instrumentation (DCOM 受信)"	"リモート Windows Management Instrumentation の DCOM トラフィックを許可するための受信規則です。 [TCP 135]"	"いいえ"	"入力"	"ドメイン"	"Windows Management Instrumentation (WMI)"	"任意"	"任意"	"TCP"	""	"135"	"任意"	"いいえ"	"%SystemRoot%\system32\svchost.exe"	"rpcss"	"任意"	""	""	"NotRequired"	"ローカル設定"	"許可"
"Windows Management Instrumentation (DCOM 受信)"	"リモート Windows Management Instrumentation の DCOM トラフィックを許可するための受信規則です。 [TCP 135]"	"いいえ"	"入力"	"プライベート,パブリック"	"Windows Management Instrumentation (WMI)"	"任意"	"LocalSubnet"	"TCP"	""	"135"	"任意"	"いいえ"	"%SystemRoot%\system32\svchost.exe"	"rpcss"	"任意"	""	""	"NotRequired"	"ローカル設定"	"許可"
"Windows Management Instrumentation (WMI 受信)"	"リモート Windows Management Instrumentation の WMI トラフィックを許可するための受信規則です。 [TCP]"	"いいえ"	"入力"	"ドメイン"	"Windows Management Instrumentation (WMI)"	"任意"	"任意"	"TCP"	""	"任意"	"任意"	"いいえ"	"%SystemRoot%\system32\svchost.exe"	"winmgmt"	"任意"	""	""	"NotRequired"	"ローカル設定"	"許可"
"Windows Management Instrumentation (WMI 受信)"	"リモート Windows Management Instrumentation の WMI トラフィックを許可するための受信規則です。 [TCP]"	"いいえ"	"入力"	"プライベート,パブリック"	"Windows Management Instrumentation (WMI)"	"任意"	"LocalSubnet"	"TCP"	""	"任意"	"任意"	"いいえ"	"%SystemRoot%\system32\svchost.exe"	"winmgmt"	"任意"	""	""	"NotRequired"	"ローカル設定"	"許可"
"Windows Management Instrumentation (WMI 送信)"	"リモート Windows Management Instrumentation の WMI トラフィックを許可するための送信規則です。 [TCP]"	"いいえ"	"出力"	"ドメイン"	"Windows Management Instrumentation (WMI)"	"任意"	"任意"	"TCP"	""	"任意"	"任意"	"いいえ"	"%SystemRoot%\system32\svchost.exe"	"winmgmt"	"任意"	""	""	"NotRequired"	"ローカル設定"	"許可"
"Windows Management Instrumentation (WMI 送信)"	"リモート Windows Management Instrumentation の WMI トラフィックを許可するための送信規則です。 [TCP]"	"いいえ"	"出力"	"プライベート,パブリック"	"Windows Management Instrumentation (WMI)"	"任意"	"LocalSubnet"	"TCP"	""	"任意"	"任意"	"いいえ"	"%SystemRoot%\system32\svchost.exe"	"winmgmt"	"任意"	""	""	"NotRequired"	"ローカル設定"	"許可"
"Windows Management Instrumentation (非同期受信)"	"リモート Windows Management Instrumentation の非同期 WMI トラフィックを許可するための受信規則です。 [TCP]"	"いいえ"	"入力"	"ドメイン"	"Windows Management Instrumentation (WMI)"	"任意"	"任意"	"TCP"	""	"任意"	"任意"	"いいえ"	"%systemroot%\system32\wbem\unsecapp.exe"	""	"任意"	""	""	"NotRequired"	"ローカル設定"	"許可"
"Windows Management Instrumentation (非同期受信)"	"リモート Windows Management Instrumentation の非同期 WMI トラフィックを許可するための受信規則です。 [TCP]"	"いいえ"	"入力"	"プライベート,パブリック"	"Windows Management Instrumentation (WMI)"	"任意"	"LocalSubnet"	"TCP"	""	"任意"	"任意"	"いいえ"	"%systemroot%\system32\wbem\unsecapp.exe"	""	"任意"	""	""	"NotRequired"	"ローカル設定"	"許可"
"Windows Media Player (TCP 送信)"	"TCP/HTTP Media ストリーミングを許可するための Windows Media Player の送信規則です。[TCP]"	"いいえ"	"出力"	"ドメイン,プライベート,パブリック"	"Windows Media Player"	"任意"	"任意"	"TCP"	""	"任意"	"任意"	"いいえ"	"%ProgramFiles%\Windows Media Player\wmplayer.exe"	""	"任意"	""	""	"NotRequired"	"ローカル設定"	"許可"
"Windows Media Player (UDP 受信)"	"UDP Media ストリーミングを許可するための Windows Media Player の受信規則です。[UDP]"	"いいえ"	"入力"	"ドメイン,プライベート,パブリック"	"Windows Media Player"	"任意"	"任意"	"UDP"	""	"任意"	"任意"	"いいえ"	"%ProgramFiles%\Windows Media Player\wmplayer.exe"	""	"任意"	""	""	"NotRequired"	"ローカル設定"	"許可"
"Windows Media Player (UDP 送信)"	"UDP Media ストリーミングを許可するための Windows Media Player の送信規則です。[UDP]"	"いいえ"	"出力"	"ドメイン,プライベート,パブリック"	"Windows Media Player"	"任意"	"任意"	"UDP"	""	"任意"	"任意"	"いいえ"	"%ProgramFiles%\Windows Media Player\wmplayer.exe"	""	"任意"	""	""	"NotRequired"	"ローカル設定"	"許可"
"Windows Media Player x86 (TCP 送信)"	"TCP/HTTP Media ストリーミングを許可するための Windows Media Player の送信規則です。[TCP]"	"いいえ"	"出力"	"ドメイン,プライベート,パブリック"	"Windows Media Player"	"任意"	"任意"	"TCP"	""	"任意"	"任意"	"いいえ"	"%ProgramFiles(x86)%\Windows Media Player\wmplayer.exe"	""	"任意"	""	""	"NotRequired"	"ローカル設定"	"許可"
"Windows Media Player x86 (UDP 受信)"	"UDP Media ストリーミングを許可するための Windows Media Player の受信規則です。[UDP]"	"いいえ"	"入力"	"ドメイン,プライベート,パブリック"	"Windows Media Player"	"任意"	"任意"	"UDP"	""	"任意"	"任意"	"いいえ"	"%ProgramFiles(x86)%\Windows Media Player\wmplayer.exe"	""	"任意"	""	""	"NotRequired"	"ローカル設定"	"許可"
"Windows Media Player x86 (UDP 送信)"	"UDP Media ストリーミングを許可するための Windows Media Player の送信規則です。[UDP]"	"いいえ"	"出力"	"ドメイン,プライベート,パブリック"	"Windows Media Player"	"任意"	"任意"	"UDP"	""	"任意"	"任意"	"いいえ"	"%ProgramFiles(x86)%\Windows Media Player\wmplayer.exe"	""	"任意"	""	""	"NotRequired"	"ローカル設定"	"許可"
"Windows Media Player ネットワーク共有サービス (HTTP ストリーミング受信)"	"HTTP Media ストリーミングを許可するための Windows Media Player ネットワーク共有サービスの受信規則です。[TCP 10243]"	"いいえ"	"入力"	"ドメイン"	"Windows Media Player ネットワーク共有サービス"	"任意"	"任意"	"TCP"	""	"10243"	"任意"	"いいえ"	"System"	""	"任意"	""	""	"NotRequired"	"ローカル設定"	"許可"
"Windows Media Player ネットワーク共有サービス (HTTP ストリーミング受信)"	"HTTP Media ストリーミングを許可するための Windows Media Player ネットワーク共有サービスの受信規則です。[TCP 10245]"	"いいえ"	"入力"	"ドメイン,プライベート"	"Windows Media Player ネットワーク共有サービス (インターネット)"	"任意"	"任意"	"TCP"	""	"10245"	"任意"	"アプリケーションに従う"	"System"	""	"任意"	""	""	"NotRequired"	"ローカル設定"	"許可"
"Windows Media Player ネットワーク共有サービス (HTTP ストリーミング受信)"	"HTTP Media ストリーミングを許可するための Windows Media Player ネットワーク共有サービスの受信規則です。[TCP 10243]"	"いいえ"	"入力"	"プライベート,パブリック"	"Windows Media Player ネットワーク共有サービス"	"任意"	"LocalSubnet"	"TCP"	""	"10243"	"任意"	"いいえ"	"System"	""	"任意"	""	""	"NotRequired"	"ローカル設定"	"許可"
"Windows Media Player ネットワーク共有サービス (HTTP ストリーミング送信)"	"HTTP Media ストリーミングを許可するための Windows Media Player ネットワーク共有サービスの送信規則です。[TCP 10243]"	"いいえ"	"出力"	"ドメイン"	"Windows Media Player ネットワーク共有サービス"	"任意"	"任意"	"TCP"	""	"任意"	"10243"	"いいえ"	"System"	""	"任意"	""	""	"NotRequired"	"ローカル設定"	"許可"
"Windows Media Player ネットワーク共有サービス (HTTP ストリーミング送信)"	"HTTP Media ストリーミングを許可するための Windows Media Player ネットワーク共有サービスの送信規則です。[TCP 10243]"	"いいえ"	"出力"	"プライベート,パブリック"	"Windows Media Player ネットワーク共有サービス"	"任意"	"LocalSubnet"	"TCP"	""	"任意"	"10243"	"いいえ"	"System"	""	"任意"	""	""	"NotRequired"	"ローカル設定"	"許可"
"Windows Media Player ネットワーク共有サービス (qWave TCP 受信)"	"高品質な Windows オーディオ ビデオ エクスペリエンス サービスの使用を許可するための Windows Media Player ネットワーク共有サービスの受信規則です。[TCP 2177]"	"いいえ"	"入力"	"ドメイン"	"Windows Media Player ネットワーク共有サービス"	"任意"	"任意"	"TCP"	""	"2177"	"任意"	"いいえ"	"%SystemRoot%\system32\svchost.exe"	"Qwave"	"任意"	""	""	"NotRequired"	"ローカル設定"	"許可"
"Windows Media Player ネットワーク共有サービス (qWave TCP 受信)"	"高品質な Windows オーディオ ビデオ エクスペリエンス サービスの使用を許可するための Windows Media Player ネットワーク共有サービスの受信規則です。[TCP 2177]"	"いいえ"	"入力"	"プライベート,パブリック"	"Windows Media Player ネットワーク共有サービス"	"任意"	"LocalSubnet"	"TCP"	""	"2177"	"任意"	"いいえ"	"%SystemRoot%\system32\svchost.exe"	"Qwave"	"任意"	""	""	"NotRequired"	"ローカル設定"	"許可"
"Windows Media Player ネットワーク共有サービス (qWave TCP 送信)"	"高品質な Windows オーディオ ビデオ エクスペリエンス サービスの使用を許可するための Windows Media Player ネットワーク共有サービスの送信規則です。[TCP 2177]"	"いいえ"	"出力"	"ドメイン"	"Windows Media Player ネットワーク共有サービス"	"任意"	"任意"	"TCP"	""	"任意"	"2177"	"いいえ"	"%SystemRoot%\system32\svchost.exe"	"Qwave"	"任意"	""	""	"NotRequired"	"ローカル設定"	"許可"
"Windows Media Player ネットワーク共有サービス (qWave TCP 送信)"	"高品質な Windows オーディオ ビデオ エクスペリエンス サービスの使用を許可するための Windows Media Player ネットワーク共有サービスの送信規則です。[TCP 2177]"	"いいえ"	"出力"	"プライベート,パブリック"	"Windows Media Player ネットワーク共有サービス"	"任意"	"LocalSubnet"	"TCP"	""	"任意"	"2177"	"いいえ"	"%SystemRoot%\system32\svchost.exe"	"Qwave"	"任意"	""	""	"NotRequired"	"ローカル設定"	"許可"
"Windows Media Player ネットワーク共有サービス (qWave UDP 受信)"	"高品質な Windows オーディオ ビデオ エクスペリエンス サービスの使用を許可するための Windows Media Player ネットワーク共有サービスの受信規則です。[UDP 2177]"	"いいえ"	"入力"	"ドメイン"	"Windows Media Player ネットワーク共有サービス"	"任意"	"任意"	"UDP"	""	"2177"	"任意"	"いいえ"	"%SystemRoot%\system32\svchost.exe"	"Qwave"	"任意"	""	""	"NotRequired"	"ローカル設定"	"許可"
"Windows Media Player ネットワーク共有サービス (qWave UDP 受信)"	"高品質な Windows オーディオ ビデオ エクスペリエンス サービスの使用を許可するための Windows Media Player ネットワーク共有サービスの受信規則です。[UDP 2177]"	"いいえ"	"入力"	"プライベート,パブリック"	"Windows Media Player ネットワーク共有サービス"	"任意"	"LocalSubnet"	"UDP"	""	"2177"	"任意"	"いいえ"	"%SystemRoot%\system32\svchost.exe"	"Qwave"	"任意"	""	""	"NotRequired"	"ローカル設定"	"許可"
"Windows Media Player ネットワーク共有サービス (qWave UDP 送信)"	"高品質な Windows オーディオ ビデオ エクスペリエンス サービスの使用を許可するための Windows Media Player ネットワーク共有サービスの送信規則です。[UDP 2177]"	"いいえ"	"出力"	"ドメイン"	"Windows Media Player ネットワーク共有サービス"	"任意"	"任意"	"UDP"	""	"任意"	"2177"	"いいえ"	"%SystemRoot%\system32\svchost.exe"	"Qwave"	"任意"	""	""	"NotRequired"	"ローカル設定"	"許可"
"Windows Media Player ネットワーク共有サービス (qWave UDP 送信)"	"高品質な Windows オーディオ ビデオ エクスペリエンス サービスの使用を許可するための Windows Media Player ネットワーク共有サービスの送信規則です。[UDP 2177]"	"いいえ"	"出力"	"プライベート,パブリック"	"Windows Media Player ネットワーク共有サービス"	"任意"	"LocalSubnet"	"UDP"	""	"任意"	"2177"	"いいえ"	"%SystemRoot%\system32\svchost.exe"	"Qwave"	"任意"	""	""	"NotRequired"	"ローカル設定"	"許可"
"Windows Media Player ネットワーク共有サービス (SSDP 受信)"	"Simple Service Discovery Protocol の使用を許可するための Windows Media Player ネットワーク共有サービスの受信規則です。[UDP 1900]"	"いいえ"	"入力"	"ドメイン,プライベート,パブリック"	"Windows Media Player ネットワーク共有サービス"	"任意"	"LocalSubnet"	"UDP"	""	"1900"	"任意"	"いいえ"	"%SystemRoot%\system32\svchost.exe"	"ssdpsrv"	"任意"	""	""	"NotRequired"	"ローカル設定"	"許可"
"Windows Media Player ネットワーク共有サービス (SSDP 送信)"	"Simple Service Discovery Protocol の使用を許可するための Windows Media Player ネットワーク共有サービスの送信規則です。[UDP 1900]"	"いいえ"	"出力"	"ドメイン,プライベート,パブリック"	"Windows Media Player ネットワーク共有サービス"	"任意"	"LocalSubnet"	"UDP"	""	"任意"	"1900"	"いいえ"	"%SystemRoot%\system32\svchost.exe"	"ssdpsrv"	"任意"	""	""	"NotRequired"	"ローカル設定"	"許可"
"Windows Media Player ネットワーク共有サービス (TCP 受信)"	"トラフィックの共有を許可するための Windows Media Player ネットワーク共有サービスの受信規則です。[TCP]"	"いいえ"	"入力"	"ドメイン"	"Windows Media Player ネットワーク共有サービス"	"任意"	"任意"	"TCP"	""	"任意"	"任意"	"いいえ"	"%PROGRAMFILES%\Windows Media Player\wmpnetwk.exe"	""	"任意"	""	""	"NotRequired"	"ローカル設定"	"許可"
"Windows Media Player ネットワーク共有サービス (TCP 受信)"	"トラフィックの共有を許可するための Windows Media Player ネットワーク共有サービスの受信規則です。[TCP]"	"いいえ"	"入力"	"プライベート,パブリック"	"Windows Media Player ネットワーク共有サービス"	"任意"	"LocalSubnet"	"TCP"	""	"任意"	"任意"	"いいえ"	"%PROGRAMFILES%\Windows Media Player\wmpnetwk.exe"	""	"任意"	""	""	"NotRequired"	"ローカル設定"	"許可"
"Windows Media Player ネットワーク共有サービス (TCP 送信)"	"トラフィックの共有を許可するための Windows Media Player ネットワーク共有サービスの送信規則です。[TCP]"	"いいえ"	"出力"	"ドメイン"	"Windows Media Player ネットワーク共有サービス"	"任意"	"任意"	"TCP"	""	"任意"	"任意"	"いいえ"	"%PROGRAMFILES%\Windows Media Player\wmpnetwk.exe"	""	"任意"	""	""	"NotRequired"	"ローカル設定"	"許可"
"Windows Media Player ネットワーク共有サービス (TCP 送信)"	"トラフィックの共有を許可するための Windows Media Player ネットワーク共有サービスの送信規則です。[TCP]"	"いいえ"	"出力"	"プライベート,パブリック"	"Windows Media Player ネットワーク共有サービス"	"任意"	"LocalSubnet"	"TCP"	""	"任意"	"任意"	"いいえ"	"%PROGRAMFILES%\Windows Media Player\wmpnetwk.exe"	""	"任意"	""	""	"NotRequired"	"ローカル設定"	"許可"
"Windows Media Player ネットワーク共有サービス (UDP 受信)"	"トラフィックの共有を許可するための Windows Media Player ネットワーク共有サービスの受信規則です。[UDP]"	"いいえ"	"入力"	"ドメイン"	"Windows Media Player ネットワーク共有サービス"	"任意"	"任意"	"UDP"	""	"任意"	"任意"	"いいえ"	"%PROGRAMFILES%\Windows Media Player\wmpnetwk.exe"	""	"任意"	""	""	"NotRequired"	"ローカル設定"	"許可"
"Windows Media Player ネットワーク共有サービス (UDP 受信)"	"トラフィックの共有を許可するための Windows Media Player ネットワーク共有サービスの受信規則です。[UDP]"	"いいえ"	"入力"	"プライベート,パブリック"	"Windows Media Player ネットワーク共有サービス"	"任意"	"LocalSubnet"	"UDP"	""	"任意"	"任意"	"いいえ"	"%PROGRAMFILES%\Windows Media Player\wmpnetwk.exe"	""	"任意"	""	""	"NotRequired"	"ローカル設定"	"許可"
"Windows Media Player ネットワーク共有サービス (UDP 送信)"	"トラフィックの共有を許可するための Windows Media Player ネットワーク共有サービスの送信規則です。[UDP]"	"いいえ"	"出力"	"ドメイン"	"Windows Media Player ネットワーク共有サービス"	"任意"	"任意"	"UDP"	""	"任意"	"任意"	"いいえ"	"%PROGRAMFILES%\Windows Media Player\wmpnetwk.exe"	""	"任意"	""	""	"NotRequired"	"ローカル設定"	"許可"
"Windows Media Player ネットワーク共有サービス (UDP 送信)"	"トラフィックの共有を許可するための Windows Media Player ネットワーク共有サービスの送信規則です。[UDP]"	"いいえ"	"出力"	"プライベート,パブリック"	"Windows Media Player ネットワーク共有サービス"	"任意"	"LocalSubnet"	"UDP"	""	"任意"	"任意"	"いいえ"	"%PROGRAMFILES%\Windows Media Player\wmpnetwk.exe"	""	"任意"	""	""	"NotRequired"	"ローカル設定"	"許可"
"Windows Media Player ネットワーク共有サービス (UPnP 受信)"	"ユニバーサル プラグ アンド プレイの使用を許可するための Windows Media Player ネットワーク共有サービスの受信規則です。[TCP 2869]"	"いいえ"	"入力"	"ドメイン,プライベート,パブリック"	"Windows Media Player ネットワーク共有サービス"	"任意"	"LocalSubnet"	"TCP"	""	"2869"	"任意"	"いいえ"	"System"	""	"任意"	""	""	"NotRequired"	"ローカル設定"	"許可"
"Windows Media Player ネットワーク共有サービス (UPnP 送信)"	"ユニバーサル プラグ アンド プレイの使用を許可するための Windows Media Player ネットワーク共有サービスの送信規則です。[TCP 2869]"	"いいえ"	"出力"	"ドメイン,プライベート,パブリック"	"Windows Media Player ネットワーク共有サービス"	"任意"	"LocalSubnet"	"TCP"	""	"任意"	"任意"	"いいえ"	"System"	""	"任意"	""	""	"NotRequired"	"ローカル設定"	"許可"
"Windows Media Player ネットワーク共有サービス (UPnPHost 送信)"	"ユニバーサル プラグ アンド プレイの使用を許可するための Windows Media Player ネットワーク共有サービスの送信規則です。 [TCP]"	"いいえ"	"出力"	"ドメイン,プライベート,パブリック"	"Windows Media Player ネットワーク共有サービス"	"任意"	"LocalSubnet"	"TCP"	""	"任意"	"任意"	"いいえ"	"%SystemRoot%\system32\svchost.exe"	"upnphost"	"任意"	""	""	"NotRequired"	"ローカル設定"	"許可"
"Windows Media Player ネットワーク共有サービス (ストリーミング TCP 送信)"	"TCP/HTTP Media ストリーミングを許可するための Windows Media Player の送信規則です。[TCP]"	"いいえ"	"出力"	"ドメイン"	"Windows Media Player ネットワーク共有サービス"	"任意"	"任意"	"TCP"	""	"任意"	"任意"	"いいえ"	"%PROGRAMFILES%\Windows Media Player\wmplayer.exe"	""	"任意"	""	""	"NotRequired"	"ローカル設定"	"許可"
"Windows Media Player ネットワーク共有サービス (ストリーミング TCP 送信)"	"TCP/HTTP Media ストリーミングを許可するための Windows Media Player の送信規則です。[TCP]"	"いいえ"	"出力"	"プライベート,パブリック"	"Windows Media Player ネットワーク共有サービス"	"任意"	"LocalSubnet"	"TCP"	""	"任意"	"任意"	"いいえ"	"%PROGRAMFILES%\Windows Media Player\wmplayer.exe"	""	"任意"	""	""	"NotRequired"	"ローカル設定"	"許可"
"Windows Media Player ネットワーク共有サービス (ストリーミング UDP 受信)"	"UDP Media ストリーミングを許可するための Windows Media Player の受信規則です。[UDP]"	"いいえ"	"入力"	"ドメイン"	"Windows Media Player ネットワーク共有サービス"	"任意"	"任意"	"UDP"	""	"任意"	"任意"	"いいえ"	"%PROGRAMFILES%\Windows Media Player\wmplayer.exe"	""	"任意"	""	""	"NotRequired"	"ローカル設定"	"許可"
"Windows Media Player ネットワーク共有サービス (ストリーミング UDP 受信)"	"UDP Media ストリーミングを許可するための Windows Media Player の受信規則です。[UDP]"	"いいえ"	"入力"	"プライベート,パブリック"	"Windows Media Player ネットワーク共有サービス"	"任意"	"LocalSubnet"	"UDP"	""	"任意"	"任意"	"いいえ"	"%PROGRAMFILES%\Windows Media Player\wmplayer.exe"	""	"任意"	""	""	"NotRequired"	"ローカル設定"	"許可"
"Windows Media Player ネットワーク共有サービス (ストリーミング UDP 送信)"	"UDP Media ストリーミングを許可するための Windows Media Player の送信規則です。[UDP]"	"いいえ"	"出力"	"ドメイン"	"Windows Media Player ネットワーク共有サービス"	"任意"	"任意"	"UDP"	""	"任意"	"任意"	"いいえ"	"%PROGRAMFILES%\Windows Media Player\wmplayer.exe"	""	"任意"	""	""	"NotRequired"	"ローカル設定"	"許可"
"Windows Media Player ネットワーク共有サービス (ストリーミング UDP 送信)"	"UDP Media ストリーミングを許可するための Windows Media Player の送信規則です。[UDP]"	"いいえ"	"出力"	"プライベート,パブリック"	"Windows Media Player ネットワーク共有サービス"	"任意"	"LocalSubnet"	"UDP"	""	"任意"	"任意"	"いいえ"	"%PROGRAMFILES%\Windows Media Player\wmplayer.exe"	""	"任意"	""	""	"NotRequired"	"ローカル設定"	"許可"
"Windows グループ作業ツール コンピューター名の登録サービス (PNRP 受信)"	"ピア名解決を許可するための Windows グループ作業ツール コンピューター名の登録サービスの受信規則です。 [UDP 3540]"	"いいえ"	"入力"	"ドメイン,プライベート,パブリック"	"Windows グループ作業ツール コンピューター名の登録サービス"	"任意"	"任意"	"UDP"	""	"3540"	"任意"	"アプリケーションに従う"	"%SystemRoot%\system32\svchost.exe"	"PNRPSvc"	"任意"	""	""	"NotRequired"	"ローカル設定"	"許可"
"Windows グループ作業ツール コンピューター名の登録サービス (PNRP 送信)"	"ピア名解決を許可するための Windows グループ作業ツール コンピューター名の登録サービスの送信規則です。[UDP 3540]"	"いいえ"	"出力"	"ドメイン,プライベート,パブリック"	"Windows グループ作業ツール コンピューター名の登録サービス"	"任意"	"任意"	"UDP"	""	"任意"	"3540"	"いいえ"	"%SystemRoot%\system32\svchost.exe"	"PNRPSvc"	"任意"	""	""	"NotRequired"	"ローカル設定"	"許可"
"Windows グループ作業ツール コンピューター名の登録サービス (SSDP 受信)"	"Simple Service Discovery Protocol の使用を許可するための Windows グループ作業ツール コンピューター名の登録サービスの受信規則です。 [UDP 1900]"	"いいえ"	"入力"	"ドメイン,プライベート,パブリック"	"Windows グループ作業ツール コンピューター名の登録サービス"	"任意"	"LocalSubnet"	"UDP"	""	"1900"	"任意"	"いいえ"	"%SystemRoot%\system32\svchost.exe"	"Ssdpsrv"	"任意"	""	""	"NotRequired"	"ローカル設定"	"許可"
"Windows グループ作業ツール コンピューター名の登録サービス (SSDP 送信)"	"Simple Service Discovery Protocol の使用を許可するための Windows グループ作業ツール コンピューター名の登録サービスの送信規則です。 [UDP 1900]"	"いいえ"	"出力"	"ドメイン,プライベート,パブリック"	"Windows グループ作業ツール コンピューター名の登録サービス"	"任意"	"LocalSubnet"	"UDP"	""	"任意"	"1900"	"いいえ"	"%SystemRoot%\system32\svchost.exe"	"Ssdpsrv"	"任意"	""	""	"NotRequired"	"ローカル設定"	"許可"
"Windows ピア ツー ピア共同作業ファンデーション (PNRP 受信)"	"ピア名解決を許可するための Windows ピア ツー ピア共同作業ファンデーションの受信規則です。[UDP 3540]"	"いいえ"	"入力"	"ドメイン,プライベート,パブリック"	"Windows ピア ツー ピア共同作業ファンデーション"	"任意"	"任意"	"UDP"	""	"3540"	"任意"	"アプリケーションに従う"	"%SystemRoot%\system32\svchost.exe"	"PNRPSvc"	"任意"	""	""	"NotRequired"	"ローカル設定"	"許可"
"Windows ピア ツー ピア共同作業ファンデーション (PNRP 送信)"	"ピア名解決を許可するための Windows ピア ツー ピア共同作業ファンデーションの送信規則です。[UDP 3540]"	"いいえ"	"出力"	"ドメイン,プライベート,パブリック"	"Windows ピア ツー ピア共同作業ファンデーション"	"任意"	"任意"	"UDP"	""	"任意"	"3540"	"いいえ"	"%SystemRoot%\system32\svchost.exe"	"PNRPSvc"	"任意"	""	""	"NotRequired"	"ローカル設定"	"許可"
"Windows ピア ツー ピア共同作業ファンデーション (SSDP 受信)"	"Simple Service Discovery Protocol の使用を許可するための Windows ピア ツー ピア共同作業ファンデーションの受信規則です。[UDP 1900]"	"いいえ"	"入力"	"ドメイン,プライベート,パブリック"	"Windows ピア ツー ピア共同作業ファンデーション"	"任意"	"LocalSubnet"	"UDP"	""	"1900"	"任意"	"いいえ"	"%SystemRoot%\system32\svchost.exe"	"Ssdpsrv"	"任意"	""	""	"NotRequired"	"ローカル設定"	"許可"
"Windows ピア ツー ピア共同作業ファンデーション (SSDP 送信)"	"Simple Service Discovery Protocol の使用を許可するための Windows ピア ツー ピア共同作業ファンデーションの送信規則です。[UDP 1900]"	"いいえ"	"出力"	"ドメイン,プライベート,パブリック"	"Windows ピア ツー ピア共同作業ファンデーション"	"任意"	"LocalSubnet"	"UDP"	""	"任意"	"1900"	"いいえ"	"%SystemRoot%\system32\svchost.exe"	"Ssdpsrv"	"任意"	""	""	"NotRequired"	"ローカル設定"	"許可"
"Windows ピア ツー ピア共同作業ファンデーション (TCP 受信)"	"ピア ツー ピア通信のための Windows ピア ツー ピア共同作業ファンデーションの受信規則です。[TCP]"	"いいえ"	"入力"	"ドメイン,プライベート,パブリック"	"Windows ピア ツー ピア共同作業ファンデーション"	"任意"	"任意"	"TCP"	""	"任意"	"任意"	"アプリケーションに従う"	"%SystemRoot%\system32\p2phost.exe"	""	"任意"	""	""	"NotRequired"	"ローカル設定"	"許可"
"Windows ピア ツー ピア共同作業ファンデーション (TCP 送信)"	"ピア ツー ピア通信のための Windows ピア ツー ピア共同作業ファンデーションの送信規則です。[TCP]"	"いいえ"	"出力"	"ドメイン,プライベート,パブリック"	"Windows ピア ツー ピア共同作業ファンデーション"	"任意"	"任意"	"TCP"	""	"任意"	"任意"	"いいえ"	"%SystemRoot%\system32\p2phost.exe"	""	"任意"	""	""	"NotRequired"	"ローカル設定"	"許可"
"Windows ピア ツー ピア共同作業ファンデーション (WSD 受信)"	"WSDAPI を介してデバイスを検出するための Windows ピア ツー ピア共同作業ファンデーションの受信規則です。[UDP 3702]"	"いいえ"	"入力"	"ドメイン,プライベート,パブリック"	"Windows ピア ツー ピア共同作業ファンデーション"	"任意"	"LocalSubnet"	"UDP"	""	"3702"	"任意"	"いいえ"	"%SystemRoot%\system32\p2phost.exe"	""	"任意"	""	""	"NotRequired"	"ローカル設定"	"許可"
"Windows ピア ツー ピア共同作業ファンデーション (WSD 送信)"	"WSDAPI を介してデバイスを検出するための Windows ピア ツー ピア共同作業ファンデーションの送信規則です。 [UDP 3702]"	"いいえ"	"出力"	"ドメイン,プライベート,パブリック"	"Windows ピア ツー ピア共同作業ファンデーション"	"任意"	"LocalSubnet"	"UDP"	""	"任意"	"3702"	"いいえ"	"%SystemRoot%\system32\p2phost.exe"	""	"任意"	""	""	"NotRequired"	"ローカル設定"	"許可"
"Windows ファイアウォール リモート管理 (RPC)"	"RPC/TCP 経由でリモートで管理される Windows ファイアウォールの受信規則です。"	"いいえ"	"入力"	"ドメイン"	"Windows ファイアウォール リモート管理"	"任意"	"任意"	"TCP"	""	"RPC"	"任意"	"いいえ"	"%SystemRoot%\system32\svchost.exe"	"policyagent"	"任意"	""	""	"NotRequired"	"ローカル設定"	"許可"
"Windows ファイアウォール リモート管理 (RPC)"	"RPC/TCP 経由でリモートで管理される Windows ファイアウォールの受信規則です。"	"いいえ"	"入力"	"プライベート,パブリック"	"Windows ファイアウォール リモート管理"	"任意"	"LocalSubnet"	"TCP"	""	"RPC"	"任意"	"いいえ"	"%SystemRoot%\system32\svchost.exe"	"policyagent"	"任意"	""	""	"NotRequired"	"ローカル設定"	"許可"
"Windows ファイアウォール リモート管理 (RPC-EPMAP)"	"Windows ファイアウォールの RPC/TCP トラフィックを許可するための RPCSS サービスの受信規則です。"	"いいえ"	"入力"	"ドメイン"	"Windows ファイアウォール リモート管理"	"任意"	"任意"	"TCP"	""	"RPC-EPMap"	"任意"	"いいえ"	"%SystemRoot%\system32\svchost.exe"	"RPCSS"	"任意"	""	""	"NotRequired"	"ローカル設定"	"許可"
"Windows ファイアウォール リモート管理 (RPC-EPMAP)"	"Windows ファイアウォールの RPC/TCP トラフィックを許可するための RPCSS サービスの受信規則です。"	"いいえ"	"入力"	"プライベート,パブリック"	"Windows ファイアウォール リモート管理"	"任意"	"LocalSubnet"	"TCP"	""	"RPC-EPMap"	"任意"	"いいえ"	"%SystemRoot%\system32\svchost.exe"	"RPCSS"	"任意"	""	""	"NotRequired"	"ローカル設定"	"許可"
"Windows リモート管理 - 互換モード (HTTP-In)"	"WS-Management 経由の Windows リモート管理用の互換モード受信規制です。[TCP 80]"	"いいえ"	"入力"	"ドメイン"	"Windows リモート管理 (互換性)"	"任意"	"任意"	"TCP"	""	"80"	"任意"	"いいえ"	"System"	""	"任意"	""	""	"NotRequired"	"ローカル設定"	"許可"
"Windows リモート管理 - 互換モード (HTTP-In)"	"WS-Management 経由の Windows リモート管理用の互換モード受信規制です。[TCP 80]"	"いいえ"	"入力"	"プライベート,パブリック"	"Windows リモート管理 (互換性)"	"任意"	"LocalSubnet"	"TCP"	""	"80"	"任意"	"いいえ"	"System"	""	"任意"	""	""	"NotRequired"	"ローカル設定"	"許可"
"Windows リモート管理 (HTTP 受信)"	"WS-Management による Windows リモート管理のための受信規則です。[TCP 5985]"	"いいえ"	"入力"	"ドメイン,プライベート"	"Windows リモート管理"	"任意"	"任意"	"TCP"	""	"5985"	"任意"	"いいえ"	"System"	""	"任意"	""	""	"NotRequired"	"ローカル設定"	"許可"
"Windows リモート管理 (HTTP 受信)"	"WS-Management による Windows リモート管理のための受信規則です。[TCP 5985]"	"いいえ"	"入力"	"パブリック"	"Windows リモート管理"	"任意"	"LocalSubnet"	"TCP"	""	"5985"	"任意"	"いいえ"	"System"	""	"任意"	""	""	"NotRequired"	"ローカル設定"	"許可"
"コア ネットワーク - DNS (UDP 送信)"	"DNS 要求を許可する送信規則です。この規則に一致する要求に基づいた DNS の応答は、発信元のアドレスにかかわらず許可されます。この動作は、非厳密なソース マッピングとして分類されます。[LSM] [UDP 53]"	"はい"	"出力"	"ドメイン,プライベート,パブリック"	"コア ネットワーク"	"任意"	"任意"	"UDP"	""	"任意"	"53"	"いいえ"	"%SystemRoot%\system32\svchost.exe"	"dnscache"	"任意"	""	""	"NotRequired"	"ローカル設定"	"許可"
"コア ネットワーク - IPHTTPS (TCP-受信)"	"IPHTTPS トンネリング テクノロジを許可することによって、HTTP プロキシやファイアウォールを越える接続を提供する受信 TCP 規則です。"	"はい"	"入力"	"ドメイン,プライベート,パブリック"	"コア ネットワーク"	"任意"	"任意"	"TCP"	""	"IPHTTPS"	"任意"	"いいえ"	"System"	""	"任意"	""	""	"NotRequired"	"ローカル設定"	"許可"
"コア ネットワーク - IPHTTPS (TCP-送信)"	"IPHTTPS トンネリング テクノロジを許可することによって、HTTP プロキシやファイアウォールを越える接続を提供する送信 TCP 規則です。"	"はい"	"出力"	"ドメイン,プライベート,パブリック"	"コア ネットワーク"	"任意"	"任意"	"TCP"	""	"任意"	"IPHTTPS"	"いいえ"	"%SystemRoot%\system32\svchost.exe"	"iphlpsvc"	"任意"	""	""	"NotRequired"	"ローカル設定"	"許可"
"コア ネットワーク - IPv6 (IPv6 受信)"	"ISATAP (Intra-Site Automatic Tunnel Addressing Protocol) および 6to4 トンネリング サービスに対して IPv6 トラフィックを許可するために必要な受信規則です。"	"はい"	"入力"	"ドメイン,プライベート,パブリック"	"コア ネットワーク"	"任意"	"任意"	"41"	""	""	""	"いいえ"	"System"	""	"任意"	""	""	"NotRequired"	"ローカル設定"	"許可"
"コア ネットワーク - IPv6 (IPv6 送信)"	"ISATAP (Intra-Site Automatic Tunnel Addressing Protocol) および 6to4 トンネリング サービスに対して IPv6 トラフィックを許可するために必要な送信規則です。"	"はい"	"出力"	"ドメイン,プライベート,パブリック"	"コア ネットワーク"	"任意"	"任意"	"41"	""	""	""	"いいえ"	"System"	""	"任意"	""	""	"NotRequired"	"ローカル設定"	"許可"
"コア ネットワーク - IPv6 用動的ホスト構成プロトコル (DHCPV6-受信)"	"DHCPV6 (IPv6 用動的ホスト構成プロトコル) メッセージをステートフルおよびステートレス構成に対して許可します。"	"はい"	"入力"	"ドメイン,プライベート,パブリック"	"コア ネットワーク"	"任意"	"任意"	"UDP"	""	"546"	"547"	"いいえ"	"%SystemRoot%\system32\svchost.exe"	"dhcp"	"任意"	""	""	"NotRequired"	"ローカル設定"	"許可"
"コア ネットワーク - IPv6 用動的ホスト構成プロトコル (DHCPV6-送信)"	"DHCPV6 (IPv6 用動的ホスト構成プロトコル) メッセージをステートフルおよびステートレス構成に対して許可します。"	"はい"	"出力"	"ドメイン,プライベート,パブリック"	"コア ネットワーク"	"任意"	"任意"	"UDP"	""	"546"	"547"	"いいえ"	"%SystemRoot%\system32\svchost.exe"	"dhcp"	"任意"	""	""	"NotRequired"	"ローカル設定"	"許可"
"コア ネットワーク - Teredo (UDP 受信)"	"Teredo エッジ トラバーサルを許可する受信 UDP 規則です。Teredo エッジ トラバーサルは、IPv6/IPv4 ホストが IPv4 ネットワーク アドレス変換器の後ろにある場合に、ユニキャスト IPv6 トラフィックにアドレスの割り当てと自動トンネルを提供するテクノロジです。"	"はい"	"入力"	"ドメイン,プライベート,パブリック"	"コア ネットワーク"	"任意"	"任意"	"UDP"	""	"Teredo"	"任意"	"いいえ"	"%SystemRoot%\system32\svchost.exe"	"iphlpsvc"	"任意"	""	""	"NotRequired"	"ローカル設定"	"許可"
"コア ネットワーク - Teredo (UDP 送信)"	"Teredo エッジ トラバーサルを許可する送信 UDP 規則です。Teredo エッジ トラバーサルは、IPv6/IPv4 ホストが IPv4 ネットワーク アドレス変換器の後ろにある場合に、ユニキャスト IPv6 トラフィックにアドレスの割り当てと自動トンネルを提供するテクノロジです。"	"はい"	"出力"	"ドメイン,プライベート,パブリック"	"コア ネットワーク"	"任意"	"任意"	"UDP"	""	"任意"	"任意"	"いいえ"	"%SystemRoot%\system32\svchost.exe"	"iphlpsvc"	"任意"	""	""	"NotRequired"	"ローカル設定"	"許可"
"コア ネットワーク - インターネット グループ管理プロトコル (IGMP 受信)"	"ノードで IGMP メッセージが送受信され、マルチキャストキャスト グループの作成、参加、離脱が行われます。"	"はい"	"入力"	"ドメイン,プライベート,パブリック"	"コア ネットワーク"	"任意"	"任意"	"2"	""	""	""	"いいえ"	"System"	""	"任意"	""	""	"NotRequired"	"ローカル設定"	"許可"
"コア ネットワーク - インターネット グループ管理プロトコル (IGMP 送信)"	"ノードで IGMP メッセージが送受信され、マルチキャストキャスト グループの作成、参加、離脱が行われます。"	"はい"	"出力"	"ドメイン,プライベート,パブリック"	"コア ネットワーク"	"任意"	"任意"	"2"	""	""	""	"いいえ"	"System"	""	"任意"	""	""	"NotRequired"	"ローカル設定"	"許可"
"コア ネットワーク - グループ ポリシー (LSASS 送信)"	"グループ ポリシーの更新のためのリモート LSASS トラフィックを許可する送信規則です。 [TCP]"	"はい"	"出力"	"ドメイン"	"コア ネットワーク"	"任意"	"任意"	"TCP"	""	"任意"	"任意"	"いいえ"	"%SystemRoot%\system32\lsass.exe"	""	"任意"	""	""	"NotRequired"	"ローカル設定"	"許可"
"コア ネットワーク - グループ ポリシー (NP 送信)"	"コア ネットワーク - グループ ポリシー (NP 送信)"	"はい"	"出力"	"ドメイン"	"コア ネットワーク"	"任意"	"任意"	"TCP"	""	"任意"	"445"	"いいえ"	"System"	""	"任意"	""	""	"NotRequired"	"ローカル設定"	"許可"
"コア ネットワーク - グループ ポリシー (TCP 送信)"	"グループ ポリシーの更新のためのリモート RPC トラフィックを許可する送信規則です。 [TCP]"	"はい"	"出力"	"ドメイン"	"コア ネットワーク"	"任意"	"任意"	"TCP"	""	"任意"	"任意"	"いいえ"	"%SystemRoot%\system32\svchost.exe"	""	"任意"	""	""	"NotRequired"	"ローカル設定"	"許可"
"コア ネットワーク - パケットが大きすぎます (ICMPv6 受信)"	"「パケットが大きすぎます」というエラー メッセージは、パケットがノードを通過するとき、次のリンクに対してパケットが大きすぎるために転送できない場合に任意のノードから送信されます。"	"はい"	"入力"	"ドメイン,プライベート,パブリック"	"コア ネットワーク"	"任意"	"任意"	"ICMPv6"	"2,任意"	""	""	"はい"	""	""	"任意"	""	""	"NotRequired"	"ローカル設定"	"許可"
"コア ネットワーク - パケットが大きすぎます (ICMPv6 送信)"	"「パケットが大きすぎます」というエラー メッセージは、パケットがノードを通過するとき、次のリンクに対してパケットが大きすぎるために転送できない場合に任意のノードから送信されます。"	"はい"	"出力"	"ドメイン,プライベート,パブリック"	"コア ネットワーク"	"任意"	"任意"	"ICMPv6"	"2,任意"	""	""	"いいえ"	""	""	"任意"	""	""	"NotRequired"	"ローカル設定"	"許可"
"コア ネットワーク - パラメーターの問題 (ICMPv6 受信)"	"パラメーターの問題のエラー メッセージは、パケットが適切に生成されなかったとき、ノードから送信されます。"	"はい"	"入力"	"ドメイン,プライベート,パブリック"	"コア ネットワーク"	"任意"	"任意"	"ICMPv6"	"4,任意"	""	""	"はい"	"System"	""	"任意"	""	""	"NotRequired"	"ローカル設定"	"許可"
"コア ネットワーク - パラメーターの問題 (ICMPv6 送信)"	"パラメーターの問題のエラー メッセージは、パケットが適切に生成されなかったとき、ノードから送信されます。"	"はい"	"出力"	"ドメイン,プライベート,パブリック"	"コア ネットワーク"	"任意"	"任意"	"ICMPv6"	"4,任意"	""	""	"いいえ"	""	""	"任意"	""	""	"NotRequired"	"ローカル設定"	"許可"
"コア ネットワーク - マルチキャスト リスナー クエリ (ICMPv6 受信)"	"IPv6 マルチキャスト対応ルーターでは、マルチキャスト リスナー クエリのメッセージを使用して、リンクでマルチキャスト グループ メンバーシップを検索します。"	"はい"	"入力"	"ドメイン,プライベート,パブリック"	"コア ネットワーク"	"任意"	"LocalSubnet"	"ICMPv6"	"130,任意"	""	""	"いいえ"	"System"	""	"任意"	""	""	"NotRequired"	"ローカル設定"	"許可"
"コア ネットワーク - マルチキャスト リスナー クエリ (ICMPv6 送信)"	"IPv6 マルチキャスト対応ルーターでは、マルチキャスト リスナー クエリのメッセージを使用して、リンクでマルチキャスト グループ メンバーシップを検索します。"	"はい"	"出力"	"ドメイン,プライベート,パブリック"	"コア ネットワーク"	"任意"	"LocalSubnet"	"ICMPv6"	"130,任意"	""	""	"いいえ"	""	""	"任意"	""	""	"NotRequired"	"ローカル設定"	"許可"
"コア ネットワーク - マルチキャスト リスナー レポート (ICMPv6 受信)"	"マルチキャスト リスナー レポートのメッセージは、特定のマルチキャスト アドレスでのマルチキャスト トラフィックの受信、またはマルチキャスト リスナー クエリに対する応答のいずれか求める情報をすぐに報告するため、リスニング ノードで使用されます。"	"はい"	"入力"	"ドメイン,プライベート,パブリック"	"コア ネットワーク"	"任意"	"LocalSubnet"	"ICMPv6"	"131,任意"	""	""	"いいえ"	"System"	""	"任意"	""	""	"NotRequired"	"ローカル設定"	"許可"
"コア ネットワーク - マルチキャスト リスナー レポート (ICMPv6 送信)"	"マルチキャスト リスナー レポートのメッセージは、特定のマルチキャスト アドレスでのマルチキャスト トラフィックの受信、またはマルチキャスト リスナー クエリに対する応答のいずれか求める情報をすぐに報告するため、リスニング ノードで使用されます。"	"はい"	"出力"	"ドメイン,プライベート,パブリック"	"コア ネットワーク"	"任意"	"LocalSubnet"	"ICMPv6"	"131,任意"	""	""	"いいえ"	""	""	"任意"	""	""	"NotRequired"	"ローカル設定"	"許可"
"コア ネットワーク - マルチキャスト リスナー レポート v2 (ICMPv6 受信)"	"マルチキャスト リスナー レポート v2 のメッセージは、特定のマルチキャスト アドレスでのマルチキャスト トラフィックの受信、またはマルチキャスト リスナー クエリに対する応答のいずれか求める情報をすぐに報告するため、リスニング ノードで使用されます。"	"はい"	"入力"	"ドメイン,プライベート,パブリック"	"コア ネットワーク"	"任意"	"LocalSubnet"	"ICMPv6"	"143,任意"	""	""	"いいえ"	"System"	""	"任意"	""	""	"NotRequired"	"ローカル設定"	"許可"
"コア ネットワーク - マルチキャスト リスナー レポート v2 (ICMPv6 送信)"	"マルチキャスト リスナー レポート v2 のメッセージは、特定のマルチキャスト アドレスでのマルチキャスト トラフィックの受信、またはマルチキャスト リスナー クエリに対する応答のいずれか求める情報をすぐに報告するため、リスニング ノードで使用されます。"	"はい"	"出力"	"ドメイン,プライベート,パブリック"	"コア ネットワーク"	"任意"	"LocalSubnet"	"ICMPv6"	"143,任意"	""	""	"いいえ"	""	""	"任意"	""	""	"NotRequired"	"ローカル設定"	"許可"
"コア ネットワーク - マルチキャスト リスナー完了 (ICMPv6 受信)"	"マルチキャスト リスナー完了のメッセージは、サブネット上の特定のマルチキャスト アドレスにメンバーがいないことをローカル ルーターに通知します。"	"はい"	"入力"	"ドメイン,プライベート,パブリック"	"コア ネットワーク"	"任意"	"LocalSubnet"	"ICMPv6"	"132,任意"	""	""	"いいえ"	"System"	""	"任意"	""	""	"NotRequired"	"ローカル設定"	"許可"
"コア ネットワーク - マルチキャスト リスナー完了 (ICMPv6 送信)"	"マルチキャスト リスナー完了のメッセージは、サブネット上の特定のマルチキャスト アドレスにメンバーがいないことをローカル ルーターに通知します。"	"はい"	"出力"	"ドメイン,プライベート,パブリック"	"コア ネットワーク"	"任意"	"LocalSubnet"	"ICMPv6"	"132,任意"	""	""	"いいえ"	""	""	"任意"	""	""	"NotRequired"	"ローカル設定"	"許可"
"コア ネットワーク - ルーター アドバタイズ (ICMPv6 受信)"	"ルーター アドバタイズ メッセージは、ステートレス自動構成を提供するためにルーターから他のノードに送信されます。"	"はい"	"入力"	"ドメイン,プライベート,パブリック"	"コア ネットワーク"	"任意"	"fe80::/64"	"ICMPv6"	"134,任意"	""	""	"いいえ"	"System"	""	"任意"	""	""	"NotRequired"	"ローカル設定"	"許可"
"コア ネットワーク - ルーター アドバタイズ (ICMPv6 送信)"	"ルーター アドバタイズ メッセージは、ステートレス自動構成を提供するためにルーターから他のノードに送信されます。"	"はい"	"出力"	"ドメイン,プライベート,パブリック"	"コア ネットワーク"	"fe80::/64"	"LocalSubnet,fe80::/64,ff02::1-ff02::1"	"ICMPv6"	"134,任意"	""	""	"いいえ"	""	""	"任意"	""	""	"NotRequired"	"ローカル設定"	"許可"
"コア ネットワーク - ルーター要請 (ICMPv6 送信)"	"ルーター要請メッセージは、ステートレス自動構成を提供するルーターを検索するノードから送信されます。"	"はい"	"出力"	"ドメイン,プライベート,パブリック"	"コア ネットワーク"	"任意"	"LocalSubnet,fe80::/64,ff02::2-ff02::2"	"ICMPv6"	"133,任意"	""	""	"いいえ"	""	""	"任意"	""	""	"NotRequired"	"ローカル設定"	"許可"
"コア ネットワーク - ルーター要請 (ICMPv6-受信)"	"ルーター要請メッセージは、ステートレス自動構成を提供するルーターを検索するノードから送信されます。"	"はい"	"入力"	"ドメイン,プライベート,パブリック"	"コア ネットワーク"	"任意"	"任意"	"ICMPv6"	"133,任意"	""	""	"いいえ"	"System"	""	"任意"	""	""	"NotRequired"	"ローカル設定"	"許可"
"コア ネットワーク - 近隣探索アドバタイズ (ICMPv6 受信)"	"近隣探索アドバタイズのメッセージは、他のノードにリンクレイヤー アドレスの変更を通知するために、または近隣探索要請の応答としてノードから送信されます。"	"はい"	"入力"	"ドメイン,プライベート,パブリック"	"コア ネットワーク"	"任意"	"任意"	"ICMPv6"	"136,任意"	""	""	"はい"	"System"	""	"任意"	""	""	"NotRequired"	"ローカル設定"	"許可"
"コア ネットワーク - 近隣探索アドバタイズ (ICMPv6 送信)"	"近隣探索アドバタイズのメッセージは、他のノードにリンクレイヤー アドレスの変更を通知するために、または近隣探索要請の応答としてノードから送信されます。"	"はい"	"出力"	"ドメイン,プライベート,パブリック"	"コア ネットワーク"	"任意"	"任意"	"ICMPv6"	"136,任意"	""	""	"いいえ"	""	""	"任意"	""	""	"NotRequired"	"ローカル設定"	"許可"
"コア ネットワーク - 近隣探索要請 (ICMPv6 受信)"	"近隣探索要請は、別のオンリンク IPv6 ノードのリンクレイヤー アドレスを探索するためにノードから送信されます。"	"はい"	"入力"	"ドメイン,プライベート,パブリック"	"コア ネットワーク"	"任意"	"任意"	"ICMPv6"	"135,任意"	""	""	"はい"	"System"	""	"任意"	""	""	"NotRequired"	"ローカル設定"	"許可"
"コア ネットワーク - 近隣探索要請 (ICMPv6 送信)"	"近隣探索要請は、別のオンリンク IPv6 ノードのリンクレイヤー アドレスを探索するためにノードから送信されます。"	"はい"	"出力"	"ドメイン,プライベート,パブリック"	"コア ネットワーク"	"任意"	"任意"	"ICMPv6"	"135,任意"	""	""	"いいえ"	""	""	"任意"	""	""	"NotRequired"	"ローカル設定"	"許可"
"コア ネットワーク - 時間超過 (ICMPv6 受信)"	"時間超過のエラー メッセージは、パケットが通過するノードで、ホップ制限値がパスのいずれかの時点で 0 になるまで減少すると、生成されます。"	"はい"	"入力"	"ドメイン,プライベート,パブリック"	"コア ネットワーク"	"任意"	"任意"	"ICMPv6"	"3,任意"	""	""	"はい"	"System"	""	"任意"	""	""	"NotRequired"	"ローカル設定"	"許可"
"コア ネットワーク - 時間超過 (ICMPv6 送信)"	"時間超過のエラー メッセージは、パケットが通過するノードで、ホップ制限値がパスのいずれかの時点で 0 になるまで減少すると、生成されます。"	"はい"	"出力"	"ドメイン,プライベート,パブリック"	"コア ネットワーク"	"任意"	"任意"	"ICMPv6"	"3,任意"	""	""	"いいえ"	""	""	"任意"	""	""	"NotRequired"	"ローカル設定"	"許可"
"コア ネットワーク - 到達不可能な宛先 - 断片化が必要 (ICMPv4 受信)"	"到達不可能な宛先 - 断片化が必要というエラー メッセージは、パケットが通過するノードで、断片化が必要であるのに ""don't fragment bit"" が設定されているために転送できない場合に送信されます。"	"はい"	"入力"	"ドメイン,プライベート,パブリック"	"コア ネットワーク"	"任意"	"任意"	"ICMPv4"	"3,4"	""	""	"いいえ"	"System"	""	"任意"	""	""	"NotRequired"	"ローカル設定"	"許可"
"コア ネットワーク - 到達不可能な宛先 (ICMPv6 受信)"	"到達不可能な宛先のエラー メッセージは、パケットが通過するノードで、輻輳以外の理由でパケットを転送できないときに送信されます。"	"はい"	"入力"	"ドメイン,プライベート,パブリック"	"コア ネットワーク"	"任意"	"任意"	"ICMPv6"	"1,任意"	""	""	"はい"	"System"	""	"任意"	""	""	"NotRequired"	"ローカル設定"	"許可"
"コア ネットワーク - 動的ホスト構成プロトコル (DHCP 受信)"	"ステートフルな自動構成のための DHCP (動的ホスト構成プロトコル) メッセージを許可します。"	"はい"	"入力"	"ドメイン,プライベート,パブリック"	"コア ネットワーク"	"任意"	"任意"	"UDP"	""	"68"	"67"	"いいえ"	"%SystemRoot%\system32\svchost.exe"	"dhcp"	"任意"	""	""	"NotRequired"	"ローカル設定"	"許可"
"コア ネットワーク - 動的ホスト構成プロトコル (DHCP 送信)"	"ステートフルな自動構成のための DHCP (動的ホスト構成プロトコル) メッセージを許可します。"	"はい"	"出力"	"ドメイン,プライベート,パブリック"	"コア ネットワーク"	"任意"	"任意"	"UDP"	""	"68"	"67"	"いいえ"	"%SystemRoot%\system32\svchost.exe"	"dhcp"	"任意"	""	""	"NotRequired"	"ローカル設定"	"許可"
"スケジュールされたリモート タスク管理 (RPC)"	"RPC/TCP 経由でリモートで管理されるタスク スケジューラ サービスの受信規則です。"	"いいえ"	"入力"	"ドメイン"	"スケジュールされたリモート タスク管理"	"任意"	"任意"	"TCP"	""	"RPC"	"任意"	"いいえ"	"%SystemRoot%\system32\svchost.exe"	"schedule"	"任意"	""	""	"NotRequired"	"ローカル設定"	"許可"
"スケジュールされたリモート タスク管理 (RPC)"	"RPC/TCP 経由でリモートで管理されるタスク スケジューラ サービスの受信規則です。"	"いいえ"	"入力"	"プライベート,パブリック"	"スケジュールされたリモート タスク管理"	"任意"	"LocalSubnet"	"TCP"	""	"RPC"	"任意"	"いいえ"	"%SystemRoot%\system32\svchost.exe"	"schedule"	"任意"	""	""	"NotRequired"	"ローカル設定"	"許可"
"スケジュールされたリモート タスク管理 (RPC-EPMAP)"	"タスク スケジューラ サービスの RPC/TCP トラフィックを許可するための RPCSS サービスの受信規則です。"	"いいえ"	"入力"	"ドメイン"	"スケジュールされたリモート タスク管理"	"任意"	"任意"	"TCP"	""	"RPC-EPMap"	"任意"	"いいえ"	"%SystemRoot%\system32\svchost.exe"	"RPCSS"	"任意"	""	""	"NotRequired"	"ローカル設定"	"許可"
"スケジュールされたリモート タスク管理 (RPC-EPMAP)"	"タスク スケジューラ サービスの RPC/TCP トラフィックを許可するための RPCSS サービスの受信規則です。"	"いいえ"	"入力"	"プライベート,パブリック"	"スケジュールされたリモート タスク管理"	"任意"	"LocalSubnet"	"TCP"	""	"RPC-EPMap"	"任意"	"いいえ"	"%SystemRoot%\system32\svchost.exe"	"RPCSS"	"任意"	""	""	"NotRequired"	"ローカル設定"	"許可"
"デバイス キャスト SSDP 探索 (UDP 受信)"	"SSDP によるデバイス キャスト ターゲットの探索を許可する受信規則"	"はい"	"入力"	"パブリック"	"デバイス キャスト機能"	"任意"	"任意"	"UDP"	""	"Ply2Disc"	"任意"	"いいえ"	"%SystemRoot%\system32\svchost.exe"	"ssdpsrv"	"任意"	""	""	"NotRequired"	"ローカル設定"	"許可"
"デバイス キャスト UPnP イベント (TCP 受信)"	"デバイス キャスト ターゲットからの UPnP イベントの受信を許可する受信規則"	"はい"	"入力"	"パブリック"	"デバイス キャスト機能"	"任意"	"任意"	"TCP"	""	"2869"	"任意"	"いいえ"	"System"	""	"任意"	""	""	"NotRequired"	"ローカル設定"	"許可"
"デバイス キャスト ストリーミング サーバー (HTTP ストリーミング受信)"	"HTTP を使用したストリーミングを許可するためのデバイス キャスト サーバーの受信規則です。[TCP 10246]"	"はい"	"入力"	"ドメイン"	"デバイス キャスト機能"	"任意"	"任意"	"TCP"	""	"10246"	"任意"	"いいえ"	"System"	""	"任意"	""	""	"NotRequired"	"ローカル設定"	"許可"
"デバイス キャスト ストリーミング サーバー (HTTP ストリーミング受信)"	"HTTP を使用したストリーミングを許可するためのデバイス キャスト サーバーの受信規則です。[TCP 10246]"	"はい"	"入力"	"パブリック"	"デバイス キャスト機能"	"任意"	"任意"	"TCP"	""	"10246"	"任意"	"いいえ"	"System"	""	"任意"	""	""	"NotRequired"	"ローカル設定"	"許可"
"デバイス キャスト ストリーミング サーバー (HTTP ストリーミング受信)"	"HTTP を使用したストリーミングを許可するためのデバイス キャスト サーバーの受信規則です。[TCP 10246]"	"はい"	"入力"	"プライベート"	"デバイス キャスト機能"	"任意"	"LocalSubnet"	"TCP"	""	"10246"	"任意"	"いいえ"	"System"	""	"任意"	""	""	"NotRequired"	"ローカル設定"	"許可"
"デバイス キャスト ストリーミング サーバー (RTCP ストリーミング受信)"	"RTSP および RTP を使用したストリーミングを許可するためのデバイス キャスト サーバーの受信規則です。[UDP]"	"はい"	"入力"	"ドメイン"	"デバイス キャスト機能"	"任意"	"任意"	"UDP"	""	"任意"	"任意"	"いいえ"	"%SystemRoot%\system32\mdeserver.exe"	""	"任意"	""	""	"NotRequired"	"ローカル設定"	"許可"
"デバイス キャスト ストリーミング サーバー (RTCP ストリーミング受信)"	"RTSP および RTP を使用したストリーミングを許可するためのデバイス キャスト サーバーの受信規則です。[UDP]"	"はい"	"入力"	"パブリック"	"デバイス キャスト機能"	"任意"	"任意"	"UDP"	""	"任意"	"任意"	"いいえ"	"%SystemRoot%\system32\mdeserver.exe"	""	"任意"	""	""	"NotRequired"	"ローカル設定"	"許可"
"デバイス キャスト ストリーミング サーバー (RTCP ストリーミング受信)"	"RTSP および RTP を使用したストリーミングを許可するためのデバイス キャスト サーバーの受信規則です。[UDP]"	"はい"	"入力"	"プライベート"	"デバイス キャスト機能"	"任意"	"LocalSubnet"	"UDP"	""	"任意"	"任意"	"いいえ"	"%SystemRoot%\system32\mdeserver.exe"	""	"任意"	""	""	"NotRequired"	"ローカル設定"	"許可"
"デバイス キャスト ストリーミング サーバー (RTP ストリーミング送信)"	"RTSP および RTP を使用したストリーミングを許可するためのデバイス キャスト サーバーの送信規則です。[UDP]"	"はい"	"出力"	"ドメイン"	"デバイス キャスト機能"	"任意"	"任意"	"UDP"	""	"任意"	"任意"	"いいえ"	"%SystemRoot%\system32\mdeserver.exe"	""	"任意"	""	""	"NotRequired"	"ローカル設定"	"許可"
"デバイス キャスト ストリーミング サーバー (RTP ストリーミング送信)"	"RTSP および RTP を使用したストリーミングを許可するためのデバイス キャスト サーバーの送信規則です。[UDP]"	"はい"	"出力"	"パブリック"	"デバイス キャスト機能"	"任意"	"任意"	"UDP"	""	"任意"	"任意"	"いいえ"	"%SystemRoot%\system32\mdeserver.exe"	""	"任意"	""	""	"NotRequired"	"ローカル設定"	"許可"
"デバイス キャスト ストリーミング サーバー (RTP ストリーミング送信)"	"RTSP および RTP を使用したストリーミングを許可するためのデバイス キャスト サーバーの送信規則です。[UDP]"	"はい"	"出力"	"プライベート"	"デバイス キャスト機能"	"任意"	"LocalSubnet"	"UDP"	""	"任意"	"任意"	"いいえ"	"%SystemRoot%\system32\mdeserver.exe"	""	"任意"	""	""	"NotRequired"	"ローカル設定"	"許可"
"デバイス キャスト ストリーミング サーバー (RTSP ストリーミング受信)"	"RTSP および RTP を使用したストリーミングを許可するためのデバイス キャスト サーバーの受信規則です。[TCP 23554、23555、23556]"	"はい"	"入力"	"ドメイン"	"デバイス キャスト機能"	"任意"	"任意"	"TCP"	""	"23554,23555,23556"	"任意"	"いいえ"	"%SystemRoot%\system32\mdeserver.exe"	""	"任意"	""	""	"NotRequired"	"ローカル設定"	"許可"
"デバイス キャスト ストリーミング サーバー (RTSP ストリーミング受信)"	"RTSP および RTP を使用したストリーミングを許可するためのデバイス キャスト サーバーの受信規則です。[TCP 23554、23555、23556]"	"はい"	"入力"	"パブリック"	"デバイス キャスト機能"	"任意"	"任意"	"TCP"	""	"23554,23555,23556"	"任意"	"いいえ"	"%SystemRoot%\system32\mdeserver.exe"	""	"任意"	""	""	"NotRequired"	"ローカル設定"	"許可"
"デバイス キャスト ストリーミング サーバー (RTSP ストリーミング受信)"	"RTSP および RTP を使用したストリーミングを許可するためのデバイス キャスト サーバーの受信規則です。[TCP 23554、23555、23556]"	"はい"	"入力"	"プライベート"	"デバイス キャスト機能"	"任意"	"LocalSubnet"	"TCP"	""	"23554,23555,23556"	"任意"	"いいえ"	"%SystemRoot%\system32\mdeserver.exe"	""	"任意"	""	""	"NotRequired"	"ローカル設定"	"許可"
"デバイス キャスト機能 (qWave TCP 受信)"	"高品質な Windows オーディオ ビデオ エクスペリエンス サービスの使用を許可するためのデバイス キャスト機能の受信規則です。[TCP 2177]"	"はい"	"入力"	"プライベート,パブリック"	"デバイス キャスト機能"	"任意"	"任意"	"TCP"	""	"2177"	"任意"	"いいえ"	"%SystemRoot%\system32\svchost.exe"	"Qwave"	"任意"	""	""	"NotRequired"	"ローカル設定"	"許可"
"デバイス キャスト機能 (qWave TCP 送信)"	"高品質な Windows オーディオ ビデオ エクスペリエンス サービスの使用を許可するためのデバイス キャスト機能の送信規則です。[TCP 2177]"	"はい"	"出力"	"プライベート,パブリック"	"デバイス キャスト機能"	"任意"	"任意"	"TCP"	""	"任意"	"2177"	"いいえ"	"%SystemRoot%\system32\svchost.exe"	"Qwave"	"任意"	""	""	"NotRequired"	"ローカル設定"	"許可"
"デバイス キャスト機能 (qWave UDP 受信)"	"高品質な Windows オーディオ ビデオ エクスペリエンス サービスの使用を許可するためのデバイス キャスト機能の受信規則です。[UDP 2177]"	"はい"	"入力"	"プライベート,パブリック"	"デバイス キャスト機能"	"任意"	"任意"	"UDP"	""	"2177"	"任意"	"いいえ"	"%SystemRoot%\system32\svchost.exe"	"Qwave"	"任意"	""	""	"NotRequired"	"ローカル設定"	"許可"
"デバイス キャスト機能 (qWave UDP 送信)"	"高品質な Windows オーディオ ビデオ エクスペリエンス サービスの使用を許可するためのデバイス キャスト機能の送信規則です。[UDP 2177]"	"はい"	"出力"	"プライベート,パブリック"	"デバイス キャスト機能"	"任意"	"任意"	"UDP"	""	"任意"	"2177"	"いいえ"	"%SystemRoot%\system32\svchost.exe"	"Qwave"	"任意"	""	""	"NotRequired"	"ローカル設定"	"許可"
"ネットワーク探索 (LLMNR UDP 受信)"	"リンク ローカル マルチキャスト名前解決を許可するためのネットワーク探索の受信規則です。[UDP 5355]"	"いいえ"	"入力"	"ドメイン,パブリック"	"ネットワーク探索"	"任意"	"LocalSubnet"	"UDP"	""	"5355"	"任意"	"いいえ"	"%SystemRoot%\system32\svchost.exe"	"dnscache"	"任意"	""	""	"NotRequired"	"ローカル設定"	"許可"
"ネットワーク探索 (LLMNR UDP 受信)"	"リンク ローカル マルチキャスト名前解決を許可するためのネットワーク探索の受信規則です。[UDP 5355]"	"はい"	"入力"	"プライベート"	"ネットワーク探索"	"任意"	"LocalSubnet"	"UDP"	""	"5355"	"任意"	"いいえ"	"%SystemRoot%\system32\svchost.exe"	"dnscache"	"任意"	""	""	"NotRequired"	"ローカル設定"	"許可"
"ネットワーク探索 (LLMNR UDP 送信)"	"リンク ローカル マルチキャスト名前解決を許可するためのネットワーク探索の送信規則です。[UDP 5355]"	"いいえ"	"出力"	"ドメイン,パブリック"	"ネットワーク探索"	"任意"	"LocalSubnet"	"UDP"	""	"任意"	"5355"	"いいえ"	"%SystemRoot%\system32\svchost.exe"	"dnscache"	"任意"	""	""	"NotRequired"	"ローカル設定"	"許可"
"ネットワーク探索 (LLMNR UDP 送信)"	"リンク ローカル マルチキャスト名前解決を許可するためのネットワーク探索の送信規則です。[UDP 5355]"	"はい"	"出力"	"プライベート"	"ネットワーク探索"	"任意"	"LocalSubnet"	"UDP"	""	"任意"	"5355"	"いいえ"	"%SystemRoot%\system32\svchost.exe"	"dnscache"	"任意"	""	""	"NotRequired"	"ローカル設定"	"許可"
"ネットワーク探索 (NB データグラム受信)"	"NetBios データグラムの送受信を許可するためのネットワーク探索の受信規則です。[UDP 138]"	"いいえ"	"入力"	"ドメイン"	"ネットワーク探索"	"任意"	"任意"	"UDP"	""	"138"	"任意"	"いいえ"	"System"	""	"任意"	""	""	"NotRequired"	"ローカル設定"	"許可"
"ネットワーク探索 (NB データグラム受信)"	"NetBios データグラムの送受信を許可するためのネットワーク探索の受信規則です。[UDP 138]"	"いいえ"	"入力"	"パブリック"	"ネットワーク探索"	"任意"	"LocalSubnet"	"UDP"	""	"138"	"任意"	"いいえ"	"System"	""	"任意"	""	""	"NotRequired"	"ローカル設定"	"許可"
"ネットワーク探索 (NB データグラム受信)"	"NetBios データグラムの送受信を許可するためのネットワーク探索の受信規則です。[UDP 138]"	"はい"	"入力"	"プライベート"	"ネットワーク探索"	"任意"	"LocalSubnet"	"UDP"	""	"138"	"任意"	"いいえ"	"System"	""	"任意"	""	""	"NotRequired"	"ローカル設定"	"許可"
"ネットワーク探索 (NB データグラム送信)"	"NetBios データグラムの送受信を許可するためのネットワーク探索の送信規則です。[UDP 138]"	"いいえ"	"出力"	"ドメイン"	"ネットワーク探索"	"任意"	"任意"	"UDP"	""	"任意"	"138"	"いいえ"	"System"	""	"任意"	""	""	"NotRequired"	"ローカル設定"	"許可"
"ネットワーク探索 (NB データグラム送信)"	"NetBios データグラムの送受信を許可するためのネットワーク探索の送信規則です。[UDP 138]"	"いいえ"	"出力"	"パブリック"	"ネットワーク探索"	"任意"	"LocalSubnet"	"UDP"	""	"任意"	"138"	"いいえ"	"System"	""	"任意"	""	""	"NotRequired"	"ローカル設定"	"許可"
"ネットワーク探索 (NB データグラム送信)"	"NetBios データグラムの送受信を許可するためのネットワーク探索の送信規則です。[UDP 138]"	"はい"	"出力"	"プライベート"	"ネットワーク探索"	"任意"	"LocalSubnet"	"UDP"	""	"任意"	"138"	"いいえ"	"System"	""	"任意"	""	""	"NotRequired"	"ローカル設定"	"許可"
"ネットワーク探索 (NB 名受信)"	"NetBIOS 名前解決を許可するためのネットワーク探索の受信規則です。[UDP 137]"	"いいえ"	"入力"	"ドメイン"	"ネットワーク探索"	"任意"	"任意"	"UDP"	""	"137"	"任意"	"いいえ"	"System"	""	"任意"	""	""	"NotRequired"	"ローカル設定"	"許可"
"ネットワーク探索 (NB 名受信)"	"NetBIOS 名前解決を許可するためのネットワーク探索の受信規則です。[UDP 137]"	"いいえ"	"入力"	"パブリック"	"ネットワーク探索"	"任意"	"LocalSubnet"	"UDP"	""	"137"	"任意"	"いいえ"	"System"	""	"任意"	""	""	"NotRequired"	"ローカル設定"	"許可"
"ネットワーク探索 (NB 名受信)"	"NetBIOS 名前解決を許可するためのネットワーク探索の受信規則です。[UDP 137]"	"はい"	"入力"	"プライベート"	"ネットワーク探索"	"任意"	"LocalSubnet"	"UDP"	""	"137"	"任意"	"いいえ"	"System"	""	"任意"	""	""	"NotRequired"	"ローカル設定"	"許可"
"ネットワーク探索 (NB 名送信)"	"NetBIOS 名前解決を許可するためのネットワーク探索の送信規則です。[UDP 137]"	"いいえ"	"出力"	"ドメイン"	"ネットワーク探索"	"任意"	"任意"	"UDP"	""	"任意"	"137"	"いいえ"	"System"	""	"任意"	""	""	"NotRequired"	"ローカル設定"	"許可"
"ネットワーク探索 (NB 名送信)"	"NetBIOS 名前解決を許可するためのネットワーク探索の送信規則です。[UDP 137]"	"いいえ"	"出力"	"パブリック"	"ネットワーク探索"	"任意"	"LocalSubnet"	"UDP"	""	"任意"	"137"	"いいえ"	"System"	""	"任意"	""	""	"NotRequired"	"ローカル設定"	"許可"
"ネットワーク探索 (NB 名送信)"	"NetBIOS 名前解決を許可するためのネットワーク探索の送信規則です。[UDP 137]"	"はい"	"出力"	"プライベート"	"ネットワーク探索"	"任意"	"LocalSubnet"	"UDP"	""	"任意"	"137"	"いいえ"	"System"	""	"任意"	""	""	"NotRequired"	"ローカル設定"	"許可"
"ネットワーク探索 (Pub WSD 受信)"	"機能探索を介してデバイスを検出するためのネットワーク探索の受信規則です。[UDP 3702]"	"いいえ"	"入力"	"ドメイン,パブリック"	"ネットワーク探索"	"任意"	"LocalSubnet"	"UDP"	""	"3702"	"任意"	"いいえ"	"%SystemRoot%\system32\svchost.exe"	"fdrespub"	"任意"	""	""	"NotRequired"	"ローカル設定"	"許可"
"ネットワーク探索 (Pub WSD 受信)"	"機能探索を介してデバイスを検出するためのネットワーク探索の受信規則です。[UDP 3702]"	"はい"	"入力"	"プライベート"	"ネットワーク探索"	"任意"	"LocalSubnet"	"UDP"	""	"3702"	"任意"	"いいえ"	"%SystemRoot%\system32\svchost.exe"	"fdrespub"	"任意"	""	""	"NotRequired"	"ローカル設定"	"許可"
"ネットワーク探索 (Pub WSD 送信)"	"機能探索を介してデバイスを検出するためのネットワーク探索の送信規則です。 [UDP 3702]"	"いいえ"	"出力"	"ドメイン,パブリック"	"ネットワーク探索"	"任意"	"LocalSubnet"	"UDP"	""	"任意"	"3702"	"いいえ"	"%SystemRoot%\system32\svchost.exe"	"fdrespub"	"任意"	""	""	"NotRequired"	"ローカル設定"	"許可"
"ネットワーク探索 (Pub WSD 送信)"	"機能探索を介してデバイスを検出するためのネットワーク探索の送信規則です。 [UDP 3702]"	"はい"	"出力"	"プライベート"	"ネットワーク探索"	"任意"	"LocalSubnet"	"UDP"	""	"任意"	"3702"	"いいえ"	"%SystemRoot%\system32\svchost.exe"	"fdrespub"	"任意"	""	""	"NotRequired"	"ローカル設定"	"許可"
"ネットワーク探索 (SSDP 受信)"	"Simple Service Discovery Protocol の使用を許可するためのネットワーク探索の受信規則です。[UDP 1900]"	"いいえ"	"入力"	"ドメイン,パブリック"	"ネットワーク探索"	"任意"	"LocalSubnet"	"UDP"	""	"1900"	"任意"	"いいえ"	"%SystemRoot%\system32\svchost.exe"	"Ssdpsrv"	"任意"	""	""	"NotRequired"	"ローカル設定"	"許可"
"ネットワーク探索 (SSDP 受信)"	"Simple Service Discovery Protocol の使用を許可するためのネットワーク探索の受信規則です。[UDP 1900]"	"はい"	"入力"	"プライベート"	"ネットワーク探索"	"任意"	"LocalSubnet"	"UDP"	""	"1900"	"任意"	"いいえ"	"%SystemRoot%\system32\svchost.exe"	"Ssdpsrv"	"任意"	""	""	"NotRequired"	"ローカル設定"	"許可"
"ネットワーク探索 (SSDP 送信)"	"Simple Service Discovery Protocol の使用を許可するためのネットワーク探索の送信規則です。[UDP 1900]"	"いいえ"	"出力"	"ドメイン,パブリック"	"ネットワーク探索"	"任意"	"LocalSubnet"	"UDP"	""	"任意"	"1900"	"いいえ"	"%SystemRoot%\system32\svchost.exe"	"Ssdpsrv"	"任意"	""	""	"NotRequired"	"ローカル設定"	"許可"
"ネットワーク探索 (SSDP 送信)"	"Simple Service Discovery Protocol の使用を許可するためのネットワーク探索の送信規則です。[UDP 1900]"	"はい"	"出力"	"プライベート"	"ネットワーク探索"	"任意"	"LocalSubnet"	"UDP"	""	"任意"	"1900"	"いいえ"	"%SystemRoot%\system32\svchost.exe"	"Ssdpsrv"	"任意"	""	""	"NotRequired"	"ローカル設定"	"許可"
"ネットワーク探索 (UPnP 受信)"	"ユニバーサル プラグ アンド プレイの使用を許可するためのネットワーク探索の受信規則です。[TCP 2869]"	"いいえ"	"入力"	"ドメイン"	"ネットワーク探索"	"任意"	"任意"	"TCP"	""	"2869"	"任意"	"いいえ"	"System"	""	"任意"	""	""	"NotRequired"	"ローカル設定"	"許可"
"ネットワーク探索 (UPnP 受信)"	"ユニバーサル プラグ アンド プレイの使用を許可するためのネットワーク探索の受信規則です。[TCP 2869]"	"いいえ"	"入力"	"パブリック"	"ネットワーク探索"	"任意"	"LocalSubnet"	"TCP"	""	"2869"	"任意"	"いいえ"	"System"	""	"任意"	""	""	"NotRequired"	"ローカル設定"	"許可"
"ネットワーク探索 (UPnP 受信)"	"ユニバーサル プラグ アンド プレイの使用を許可するためのネットワーク探索の受信規則です。[TCP 2869]"	"はい"	"入力"	"プライベート"	"ネットワーク探索"	"任意"	"LocalSubnet"	"TCP"	""	"2869"	"任意"	"いいえ"	"System"	""	"任意"	""	""	"NotRequired"	"ローカル設定"	"許可"
"ネットワーク探索 (UPnP 送信)"	"ユニバーサル プラグ アンド プレイの使用を許可するためのネットワーク探索の送信規則です。[TCP]"	"いいえ"	"出力"	"ドメイン"	"ネットワーク探索"	"任意"	"任意"	"TCP"	""	"任意"	"2869"	"いいえ"	"%SystemRoot%\system32\svchost.exe"	"fdphost"	"任意"	""	""	"NotRequired"	"ローカル設定"	"許可"
"ネットワーク探索 (UPnP 送信)"	"ユニバーサル プラグ アンド プレイの使用を許可するためのネットワーク探索の送信規則です。[TCP]"	"いいえ"	"出力"	"パブリック"	"ネットワーク探索"	"任意"	"LocalSubnet"	"TCP"	""	"任意"	"2869"	"いいえ"	"%SystemRoot%\system32\svchost.exe"	"fdphost"	"任意"	""	""	"NotRequired"	"ローカル設定"	"許可"
"ネットワーク探索 (UPnP 送信)"	"ユニバーサル プラグ アンド プレイの使用を許可するためのネットワーク探索の送信規則です。[TCP]"	"はい"	"出力"	"プライベート"	"ネットワーク探索"	"任意"	"LocalSubnet"	"TCP"	""	"任意"	"2869"	"いいえ"	"%SystemRoot%\system32\svchost.exe"	"fdphost"	"任意"	""	""	"NotRequired"	"ローカル設定"	"許可"
"ネットワーク探索 (UPnPHost 送信)"	"ユニバーサル プラグ アンド プレイの使用を許可するためのネットワーク探索の送信規則です。 [TCP]"	"いいえ"	"出力"	"ドメイン,パブリック"	"ネットワーク探索"	"任意"	"LocalSubnet"	"TCP"	""	"任意"	"2869"	"いいえ"	"%SystemRoot%\system32\svchost.exe"	"upnphost"	"任意"	""	""	"NotRequired"	"ローカル設定"	"許可"
"ネットワーク探索 (UPnPHost 送信)"	"ユニバーサル プラグ アンド プレイの使用を許可するためのネットワーク探索の送信規則です。 [TCP]"	"はい"	"出力"	"プライベート"	"ネットワーク探索"	"任意"	"LocalSubnet"	"TCP"	""	"任意"	"2869"	"いいえ"	"%SystemRoot%\system32\svchost.exe"	"upnphost"	"任意"	""	""	"NotRequired"	"ローカル設定"	"許可"
"ネットワーク探索 (WSD EventsSecure 受信)"	"機能探索を介してセキュリティで保護された WSDAPI イベントを許可するためのネットワーク探索の受信規則です。 [TCP 5358]"	"いいえ"	"入力"	"ドメイン"	"ネットワーク探索"	"任意"	"任意"	"TCP"	""	"5358"	"任意"	"いいえ"	"System"	""	"任意"	""	""	"NotRequired"	"ローカル設定"	"許可"
"ネットワーク探索 (WSD EventsSecure 受信)"	"機能探索を介してセキュリティで保護された WSDAPI イベントを許可するためのネットワーク探索の受信規則です。 [TCP 5358]"	"いいえ"	"入力"	"パブリック"	"ネットワーク探索"	"任意"	"LocalSubnet"	"TCP"	""	"5358"	"任意"	"いいえ"	"System"	""	"任意"	""	""	"NotRequired"	"ローカル設定"	"許可"
"ネットワーク探索 (WSD EventsSecure 受信)"	"機能探索を介してセキュリティで保護された WSDAPI イベントを許可するためのネットワーク探索の受信規則です。 [TCP 5358]"	"はい"	"入力"	"プライベート"	"ネットワーク探索"	"任意"	"LocalSubnet"	"TCP"	""	"5358"	"任意"	"いいえ"	"System"	""	"任意"	""	""	"NotRequired"	"ローカル設定"	"許可"
"ネットワーク探索 (WSD EventsSecure 送信)"	"機能探索による、セキュリティで保護された WSDAPI イベントを許可するためのネットワーク探索の送信規則です。 [TCP 5358]"	"いいえ"	"出力"	"ドメイン"	"ネットワーク探索"	"任意"	"任意"	"TCP"	""	"任意"	"5358"	"いいえ"	"%SystemRoot%\system32\svchost.exe"	"fdphost"	"任意"	""	""	"NotRequired"	"ローカル設定"	"許可"
"ネットワーク探索 (WSD EventsSecure 送信)"	"機能探索による、セキュリティで保護された WSDAPI イベントを許可するためのネットワーク探索の送信規則です。 [TCP 5358]"	"いいえ"	"出力"	"パブリック"	"ネットワーク探索"	"任意"	"LocalSubnet"	"TCP"	""	"任意"	"5358"	"いいえ"	"%SystemRoot%\system32\svchost.exe"	"fdphost"	"任意"	""	""	"NotRequired"	"ローカル設定"	"許可"
"ネットワーク探索 (WSD EventsSecure 送信)"	"機能探索による、セキュリティで保護された WSDAPI イベントを許可するためのネットワーク探索の送信規則です。 [TCP 5358]"	"はい"	"出力"	"プライベート"	"ネットワーク探索"	"任意"	"LocalSubnet"	"TCP"	""	"任意"	"5358"	"いいえ"	"%SystemRoot%\system32\svchost.exe"	"fdphost"	"任意"	""	""	"NotRequired"	"ローカル設定"	"許可"
"ネットワーク探索 (WSD イベント受信)"	"機能探索による WSDAPI イベントを許可するためのネットワーク探索の受信規則です。 [TCP 5357]"	"いいえ"	"入力"	"ドメイン"	"ネットワーク探索"	"任意"	"任意"	"TCP"	""	"5357"	"任意"	"いいえ"	"System"	""	"任意"	""	""	"NotRequired"	"ローカル設定"	"許可"
"ネットワーク探索 (WSD イベント受信)"	"機能探索による WSDAPI イベントを許可するためのネットワーク探索の受信規則です。 [TCP 5357]"	"いいえ"	"入力"	"パブリック"	"ネットワーク探索"	"任意"	"LocalSubnet"	"TCP"	""	"5357"	"任意"	"いいえ"	"System"	""	"任意"	""	""	"NotRequired"	"ローカル設定"	"許可"
"ネットワーク探索 (WSD イベント受信)"	"機能探索による WSDAPI イベントを許可するためのネットワーク探索の受信規則です。 [TCP 5357]"	"はい"	"入力"	"プライベート"	"ネットワーク探索"	"任意"	"LocalSubnet"	"TCP"	""	"5357"	"任意"	"いいえ"	"System"	""	"任意"	""	""	"NotRequired"	"ローカル設定"	"許可"
"ネットワーク探索 (WSD イベント送信)"	"機能探索による WSDAPI イベントを許可するためのネットワーク探索の送信規則です。 [TCP 5357]"	"いいえ"	"出力"	"ドメイン"	"ネットワーク探索"	"任意"	"任意"	"TCP"	""	"任意"	"5357"	"いいえ"	"%SystemRoot%\system32\svchost.exe"	"fdphost"	"任意"	""	""	"NotRequired"	"ローカル設定"	"許可"
"ネットワーク探索 (WSD イベント送信)"	"機能探索による WSDAPI イベントを許可するためのネットワーク探索の送信規則です。 [TCP 5357]"	"いいえ"	"出力"	"パブリック"	"ネットワーク探索"	"任意"	"LocalSubnet"	"TCP"	""	"任意"	"5357"	"いいえ"	"%SystemRoot%\system32\svchost.exe"	"fdphost"	"任意"	""	""	"NotRequired"	"ローカル設定"	"許可"
"ネットワーク探索 (WSD イベント送信)"	"機能探索による WSDAPI イベントを許可するためのネットワーク探索の送信規則です。 [TCP 5357]"	"はい"	"出力"	"プライベート"	"ネットワーク探索"	"任意"	"LocalSubnet"	"TCP"	""	"任意"	"5357"	"いいえ"	"%SystemRoot%\system32\svchost.exe"	"fdphost"	"任意"	""	""	"NotRequired"	"ローカル設定"	"許可"
"ネットワーク探索 (WSD 受信)"	"Device Association Framework でデバイスを検出するためのネットワーク探索の受信規則です。[UDP 3702]"	"いいえ"	"入力"	"ドメイン,パブリック"	"ネットワーク探索"	"任意"	"LocalSubnet"	"UDP"	""	"3702"	"任意"	"いいえ"	"%SystemRoot%\system32\dashost.exe"	""	"任意"	""	""	"NotRequired"	"ローカル設定"	"許可"
"ネットワーク探索 (WSD 受信)"	"機能探索を介してデバイスを検出するためのネットワーク探索の受信規則です。[UDP 3702]"	"いいえ"	"入力"	"ドメイン,パブリック"	"ネットワーク探索"	"任意"	"LocalSubnet"	"UDP"	""	"3702"	"任意"	"いいえ"	"%SystemRoot%\system32\svchost.exe"	"fdphost"	"任意"	""	""	"NotRequired"	"ローカル設定"	"許可"
"ネットワーク探索 (WSD 受信)"	"Device Association Framework でデバイスを検出するためのネットワーク探索の受信規則です。[UDP 3702]"	"はい"	"入力"	"プライベート"	"ネットワーク探索"	"任意"	"LocalSubnet"	"UDP"	""	"3702"	"任意"	"いいえ"	"%SystemRoot%\system32\dashost.exe"	""	"任意"	""	""	"NotRequired"	"ローカル設定"	"許可"
"ネットワーク探索 (WSD 受信)"	"機能探索を介してデバイスを検出するためのネットワーク探索の受信規則です。[UDP 3702]"	"はい"	"入力"	"プライベート"	"ネットワーク探索"	"任意"	"LocalSubnet"	"UDP"	""	"3702"	"任意"	"いいえ"	"%SystemRoot%\system32\svchost.exe"	"fdphost"	"任意"	""	""	"NotRequired"	"ローカル設定"	"許可"
"ネットワーク探索 (WSD 送信)"	"機能探索を介してデバイスを検出するためのネットワーク探索の送信規則です。[UDP 3702]"	"いいえ"	"出力"	"ドメイン,パブリック"	"ネットワーク探索"	"任意"	"LocalSubnet"	"UDP"	""	"任意"	"3702"	"いいえ"	"%SystemRoot%\system32\svchost.exe"	"fdphost"	"任意"	""	""	"NotRequired"	"ローカル設定"	"許可"
"ネットワーク探索 (WSD 送信)"	"機能探索を介してデバイスを検出するためのネットワーク探索の送信規則です。[UDP 3702]"	"はい"	"出力"	"プライベート"	"ネットワーク探索"	"任意"	"LocalSubnet"	"UDP"	""	"任意"	"3702"	"いいえ"	"%SystemRoot%\system32\svchost.exe"	"fdphost"	"任意"	""	""	"NotRequired"	"ローカル設定"	"許可"
"パフォーマンス ログと警告 (DCOM 受信)"	"リモート DCOM アクティベーションを許可するためのパフォーマンス ログと警告の受信規則です。[TCP-135]"	"いいえ"	"入力"	"ドメイン"	"パフォーマンス ログと警告"	"任意"	"任意"	"TCP"	""	"135"	"任意"	"いいえ"	"%systemroot%\system32\svchost.exe"	"rpcss"	"任意"	""	""	"NotRequired"	"ローカル設定"	"許可"
"パフォーマンス ログと警告 (DCOM 受信)"	"リモート DCOM アクティベーションを許可するためのパフォーマンス ログと警告の受信規則です。[TCP-135]"	"いいえ"	"入力"	"プライベート,パブリック"	"パフォーマンス ログと警告"	"任意"	"LocalSubnet"	"TCP"	""	"135"	"任意"	"いいえ"	"%systemroot%\system32\svchost.exe"	"rpcss"	"任意"	""	""	"NotRequired"	"ローカル設定"	"許可"
"パフォーマンス ログと警告 (TCP 受信)"	"パフォーマンス ログと警告のトラフィックの受信規則です。[TCP-受信]"	"いいえ"	"入力"	"ドメイン"	"パフォーマンス ログと警告"	"任意"	"任意"	"TCP"	""	"任意"	"任意"	"いいえ"	"%systemroot%\system32\plasrv.exe"	""	"任意"	""	""	"NotRequired"	"ローカル設定"	"許可"
"パフォーマンス ログと警告 (TCP 受信)"	"パフォーマンス ログと警告のトラフィックの受信規則です。[TCP-受信]"	"いいえ"	"入力"	"プライベート,パブリック"	"パフォーマンス ログと警告"	"任意"	"LocalSubnet"	"TCP"	""	"任意"	"任意"	"いいえ"	"%systemroot%\system32\plasrv.exe"	""	"任意"	""	""	"NotRequired"	"ローカル設定"	"許可"
"ファイルとプリンターの共有 (LLMNR UDP 受信)"	"リンク ローカル マルチキャスト名前解決を許可するためのファイルとプリンターの共有の受信規則です。[UDP 5355]"	"いいえ"	"入力"	"ドメイン,プライベート,パブリック"	"ファイルとプリンターの共有"	"任意"	"LocalSubnet"	"UDP"	""	"5355"	"任意"	"いいえ"	"%SystemRoot%\system32\svchost.exe"	"dnscache"	"任意"	""	""	"NotRequired"	"ローカル設定"	"許可"
"ファイルとプリンターの共有 (LLMNR UDP 送信)"	"リンク ローカル マルチキャスト名前解決を許可するためのファイルとプリンターの共有の送信規則です。[UDP 5355]"	"いいえ"	"出力"	"ドメイン,プライベート,パブリック"	"ファイルとプリンターの共有"	"任意"	"LocalSubnet"	"UDP"	""	"任意"	"5355"	"いいえ"	"%SystemRoot%\system32\svchost.exe"	"dnscache"	"任意"	""	""	"NotRequired"	"ローカル設定"	"許可"
"ファイルとプリンターの共有 (NB セッション受信)"	"NetBIOS セッション サービス接続を許可するためのファイルとプリンターの共有の受信規則です。[TCP 139]"	"いいえ"	"入力"	"ドメイン"	"ファイルとプリンターの共有"	"任意"	"任意"	"TCP"	""	"139"	"任意"	"いいえ"	"System"	""	"任意"	""	""	"NotRequired"	"ローカル設定"	"許可"
"ファイルとプリンターの共有 (NB セッション受信)"	"NetBIOS セッション サービス接続を許可するためのファイルとプリンターの共有の受信規則です。[TCP 139]"	"いいえ"	"入力"	"プライベート,パブリック"	"ファイルとプリンターの共有"	"任意"	"LocalSubnet"	"TCP"	""	"139"	"任意"	"いいえ"	"System"	""	"任意"	""	""	"NotRequired"	"ローカル設定"	"許可"
"ファイルとプリンターの共有 (NB データグラム受信)"	"NetBIOS データグラム送受信を許可するためのファイルとプリンターの共有の受信規則です。[UDP 138]"	"いいえ"	"入力"	"ドメイン"	"ファイルとプリンターの共有"	"任意"	"任意"	"UDP"	""	"138"	"任意"	"いいえ"	"System"	""	"任意"	""	""	"NotRequired"	"ローカル設定"	"許可"
"ファイルとプリンターの共有 (NB データグラム受信)"	"NetBIOS データグラム送受信を許可するためのファイルとプリンターの共有の受信規則です。[UDP 138]"	"いいえ"	"入力"	"プライベート,パブリック"	"ファイルとプリンターの共有"	"任意"	"LocalSubnet"	"UDP"	""	"138"	"任意"	"いいえ"	"System"	""	"任意"	""	""	"NotRequired"	"ローカル設定"	"許可"
"ファイルとプリンターの共有 (NB データグラム送信)"	"NetBIOS データグラム送受信を許可するためのファイルとプリンターの共有の送信規則です。[UDP 138]"	"いいえ"	"出力"	"ドメイン"	"ファイルとプリンターの共有"	"任意"	"任意"	"UDP"	""	"任意"	"138"	"いいえ"	"System"	""	"任意"	""	""	"NotRequired"	"ローカル設定"	"許可"
"ファイルとプリンターの共有 (NB データグラム送信)"	"NetBIOS データグラム送受信を許可するためのファイルとプリンターの共有の送信規則です。[UDP 138]"	"いいえ"	"出力"	"プライベート,パブリック"	"ファイルとプリンターの共有"	"任意"	"LocalSubnet"	"UDP"	""	"任意"	"138"	"いいえ"	"System"	""	"任意"	""	""	"NotRequired"	"ローカル設定"	"許可"
"ファイルとプリンターの共有 (NB 名受信)"	"NetBIOS 名前解決を許可するためのファイルとプリンターの共有の受信規則です。[UDP 137]"	"いいえ"	"入力"	"ドメイン"	"ファイルとプリンターの共有"	"任意"	"任意"	"UDP"	""	"137"	"任意"	"いいえ"	"System"	""	"任意"	""	""	"NotRequired"	"ローカル設定"	"許可"
"ファイルとプリンターの共有 (NB 名受信)"	"NetBIOS 名前解決を許可するためのファイルとプリンターの共有の受信規則です。[UDP 137]"	"いいえ"	"入力"	"プライベート,パブリック"	"ファイルとプリンターの共有"	"任意"	"LocalSubnet"	"UDP"	""	"137"	"任意"	"いいえ"	"System"	""	"任意"	""	""	"NotRequired"	"ローカル設定"	"許可"
"ファイルとプリンターの共有 (NB 名送信)"	"NetBIOS 名前解決を許可するためのファイルとプリンターの共有の送信規則です。[UDP 137]"	"いいえ"	"出力"	"ドメイン"	"ファイルとプリンターの共有"	"任意"	"任意"	"UDP"	""	"任意"	"137"	"いいえ"	"System"	""	"任意"	""	""	"NotRequired"	"ローカル設定"	"許可"
"ファイルとプリンターの共有 (NB 名送信)"	"NetBIOS 名前解決を許可するためのファイルとプリンターの共有の送信規則です。[UDP 137]"	"いいえ"	"出力"	"プライベート,パブリック"	"ファイルとプリンターの共有"	"任意"	"LocalSubnet"	"UDP"	""	"任意"	"137"	"いいえ"	"System"	""	"任意"	""	""	"NotRequired"	"ローカル設定"	"許可"
"ファイルとプリンターの共有 (NB-Session 送信)"	"NetBIOS セッション サービス接続を許可するためのファイルとプリンターの共有の送信規則です。 [TCP 139]"	"いいえ"	"出力"	"ドメイン"	"ファイルとプリンターの共有"	"任意"	"任意"	"TCP"	""	"任意"	"139"	"いいえ"	"System"	""	"任意"	""	""	"NotRequired"	"ローカル設定"	"許可"
"ファイルとプリンターの共有 (NB-Session 送信)"	"NetBIOS セッション サービス接続を許可するためのファイルとプリンターの共有の送信規則です。 [TCP 139]"	"いいえ"	"出力"	"プライベート,パブリック"	"ファイルとプリンターの共有"	"任意"	"LocalSubnet"	"TCP"	""	"任意"	"139"	"いいえ"	"System"	""	"任意"	""	""	"NotRequired"	"ローカル設定"	"許可"
"ファイルとプリンターの共有 (SMB 受信)"	"サーバー メッセージ ブロックの名前付きパイプ経由の送受信を許可するためのファイルとプリンターの共有の受信規則です。 [TCP 445]"	"いいえ"	"入力"	"ドメイン"	"ファイルとプリンターの共有"	"任意"	"任意"	"TCP"	""	"445"	"任意"	"いいえ"	"System"	""	"任意"	""	""	"NotRequired"	"ローカル設定"	"許可"
"ファイルとプリンターの共有 (SMB 受信)"	"サーバー メッセージ ブロックの名前付きパイプ経由の送受信を許可するためのファイルとプリンターの共有の受信規則です。 [TCP 445]"	"いいえ"	"入力"	"プライベート,パブリック"	"ファイルとプリンターの共有"	"任意"	"LocalSubnet"	"TCP"	""	"445"	"任意"	"いいえ"	"System"	""	"任意"	""	""	"NotRequired"	"ローカル設定"	"許可"
"ファイルとプリンターの共有 (SMB 送信)"	"サーバー メッセージ ブロックの名前付きパイプ経由の送受信を許可するためのファイルとプリンターの共有の送信規則です。 [TCP 445]"	"いいえ"	"出力"	"ドメイン"	"ファイルとプリンターの共有"	"任意"	"任意"	"TCP"	""	"任意"	"445"	"いいえ"	"System"	""	"任意"	""	""	"NotRequired"	"ローカル設定"	"許可"
"ファイルとプリンターの共有 (SMB 送信)"	"サーバー メッセージ ブロックの名前付きパイプ経由の送受信を許可するためのファイルとプリンターの共有の送信規則です。 [TCP 445]"	"いいえ"	"出力"	"プライベート,パブリック"	"ファイルとプリンターの共有"	"任意"	"LocalSubnet"	"TCP"	""	"任意"	"445"	"いいえ"	"System"	""	"任意"	""	""	"NotRequired"	"ローカル設定"	"許可"
"ファイルとプリンターの共有 (Spooler Service - RPC)"	"プリンター スプーラー サービスが TCP/RPC 経由で通信できるようにするための、ファイルとプリンターの共有の受信規則です。"	"いいえ"	"入力"	"ドメイン"	"ファイルとプリンターの共有"	"任意"	"任意"	"TCP"	""	"RPC"	"任意"	"いいえ"	"%SystemRoot%\system32\spoolsv.exe"	"Spooler"	"任意"	""	""	"NotRequired"	"ローカル設定"	"許可"
"ファイルとプリンターの共有 (Spooler Service - RPC)"	"プリンター スプーラー サービスが TCP/RPC 経由で通信できるようにするための、ファイルとプリンターの共有の受信規則です。"	"いいえ"	"入力"	"プライベート,パブリック"	"ファイルとプリンターの共有"	"任意"	"LocalSubnet"	"TCP"	""	"RPC"	"任意"	"いいえ"	"%SystemRoot%\system32\spoolsv.exe"	"Spooler"	"任意"	""	""	"NotRequired"	"ローカル設定"	"許可"
"ファイルとプリンターの共有 (エコー要求 - ICMPv4 受信)"	"エコー要求のメッセージは、他のノードに対する ping 要求として送信されます。"	"いいえ"	"入力"	"ドメイン"	"ファイルとプリンターの共有"	"任意"	"任意"	"ICMPv4"	"8,任意"	""	""	"いいえ"	""	""	"任意"	""	""	"NotRequired"	"ローカル設定"	"許可"
"ファイルとプリンターの共有 (エコー要求 - ICMPv4 受信)"	"エコー要求のメッセージは、他のノードに対する ping 要求として送信されます。"	"いいえ"	"入力"	"プライベート,パブリック"	"ファイルとプリンターの共有"	"任意"	"LocalSubnet"	"ICMPv4"	"8,任意"	""	""	"いいえ"	""	""	"任意"	""	""	"NotRequired"	"ローカル設定"	"許可"
"ファイルとプリンターの共有 (エコー要求 - ICMPv4 送信)"	"エコー要求のメッセージは、他のノードに対する ping 要求として送信されます。"	"いいえ"	"出力"	"ドメイン"	"ファイルとプリンターの共有"	"任意"	"任意"	"ICMPv4"	"8,任意"	""	""	"いいえ"	""	""	"任意"	""	""	"NotRequired"	"ローカル設定"	"許可"
"ファイルとプリンターの共有 (エコー要求 - ICMPv4 送信)"	"エコー要求のメッセージは、他のノードに対する ping 要求として送信されます。"	"いいえ"	"出力"	"プライベート,パブリック"	"ファイルとプリンターの共有"	"任意"	"LocalSubnet"	"ICMPv4"	"8,任意"	""	""	"いいえ"	""	""	"任意"	""	""	"NotRequired"	"ローカル設定"	"許可"
"ファイルとプリンターの共有 (エコー要求 - ICMPv6 受信)"	"エコー要求のメッセージは、他のノードに対する ping 要求として送信されます。"	"いいえ"	"入力"	"ドメイン"	"ファイルとプリンターの共有"	"任意"	"任意"	"ICMPv6"	"128,任意"	""	""	"いいえ"	""	""	"任意"	""	""	"NotRequired"	"ローカル設定"	"許可"
"ファイルとプリンターの共有 (エコー要求 - ICMPv6 受信)"	"エコー要求のメッセージは、他のノードに対する ping 要求として送信されます。"	"いいえ"	"入力"	"プライベート,パブリック"	"ファイルとプリンターの共有"	"任意"	"LocalSubnet"	"ICMPv6"	"128,任意"	""	""	"いいえ"	""	""	"任意"	""	""	"NotRequired"	"ローカル設定"	"許可"
"ファイルとプリンターの共有 (エコー要求 - ICMPv6 送信)"	"エコー要求のメッセージは、他のノードに対する ping 要求として送信されます。"	"いいえ"	"出力"	"ドメイン"	"ファイルとプリンターの共有"	"任意"	"任意"	"ICMPv6"	"128,任意"	""	""	"いいえ"	""	""	"任意"	""	""	"NotRequired"	"ローカル設定"	"許可"
"ファイルとプリンターの共有 (エコー要求 - ICMPv6 送信)"	"エコー要求のメッセージは、他のノードに対する ping 要求として送信されます。"	"いいえ"	"出力"	"プライベート,パブリック"	"ファイルとプリンターの共有"	"任意"	"LocalSubnet"	"ICMPv6"	"128,任意"	""	""	"いいえ"	""	""	"任意"	""	""	"NotRequired"	"ローカル設定"	"許可"
"ファイルとプリンターの共有 (スプーラー サービス - RPC-EPMAP)"	"スプーラー サービスに対して RPC/TCP トラフィックを許可するための RPCSS サービスの受信規則です。"	"いいえ"	"入力"	"ドメイン"	"ファイルとプリンターの共有"	"任意"	"任意"	"TCP"	""	"RPC-EPMap"	"任意"	"いいえ"	""	"Rpcss"	"任意"	""	""	"NotRequired"	"ローカル設定"	"許可"
"ファイルとプリンターの共有 (スプーラー サービス - RPC-EPMAP)"	"スプーラー サービスに対して RPC/TCP トラフィックを許可するための RPCSS サービスの受信規則です。"	"いいえ"	"入力"	"プライベート,パブリック"	"ファイルとプリンターの共有"	"任意"	"LocalSubnet"	"TCP"	""	"RPC-EPMap"	"任意"	"いいえ"	""	"Rpcss"	"任意"	""	""	"NotRequired"	"ローカル設定"	"許可"
"ホームグループ受信 (PNRP)"	"ホームグループの 3540 受信を許可 (PNRP)"	"いいえ"	"入力"	"プライベート"	"ホームグループ"	"任意"	"LocalSubnet"	"UDP"	""	"3540"	"任意"	"いいえ"	"%systemroot%\system32\svchost.exe"	"pnrpsvc"	"任意"	""	""	"NotRequired"	"ローカル設定"	"許可"
"ホームグループ受信"	"ホームグループの 3587 受信を許可"	"いいえ"	"入力"	"プライベート"	"ホームグループ"	"任意"	"LocalSubnet"	"TCP"	""	"3587"	"任意"	"いいえ"	"%systemroot%\system32\svchost.exe"	"p2psvc"	"任意"	""	""	"NotRequired"	"ローカル設定"	"許可"
"ホームグループ送信 (PNRP)"	"ホームグループの 3540 送信を許可 (PNRP)"	"いいえ"	"出力"	"プライベート"	"ホームグループ"	"任意"	"LocalSubnet"	"UDP"	""	"任意"	"3540"	"いいえ"	"%systemroot%\system32\svchost.exe"	"pnrpsvc"	"任意"	""	""	"NotRequired"	"ローカル設定"	"許可"
"ホームグループ送信"	"ホームグループの 3587 送信を許可"	"いいえ"	"出力"	"プライベート"	"ホームグループ"	"任意"	"LocalSubnet"	"TCP"	""	"任意"	"3587"	"いいえ"	"%systemroot%\system32\svchost.exe"	"p2psvc"	"任意"	""	""	"NotRequired"	"ローカル設定"	"許可"
"リモート アシスタンス (DCOM 受信)"	"DCOM を介してアシスタンスの提供を許可するためのリモート アシスタンスの受信規則です。 [TCP 135]"	"はい"	"入力"	"ドメイン"	"リモート アシスタンス"	"任意"	"任意"	"TCP"	""	"135"	"任意"	"いいえ"	"%SystemRoot%\system32\svchost.exe"	"rpcss"	"任意"	""	""	"NotRequired"	"ローカル設定"	"許可"
"リモート アシスタンス (PNRP-受信)"	"ピア名解決プロトコルの使用を許可するためのリモート アシスタンスの受信規則です。[UDP 3540]"	"はい"	"入力"	"ドメイン,プライベート"	"リモート アシスタンス"	"任意"	"任意"	"UDP"	""	"3540"	"任意"	"アプリケーションに従う"	"%systemroot%\system32\svchost.exe"	"pnrpsvc"	"任意"	""	""	"NotRequired"	"ローカル設定"	"許可"
"リモート アシスタンス (PNRP-受信)"	"ピア名解決プロトコルの使用を許可するためのリモート アシスタンスの受信規則です。[UDP 3540]"	"いいえ"	"入力"	"パブリック"	"リモート アシスタンス"	"任意"	"任意"	"UDP"	""	"3540"	"任意"	"アプリケーションに従う"	"%systemroot%\system32\svchost.exe"	"pnrpsvc"	"任意"	""	""	"NotRequired"	"ローカル設定"	"許可"
"リモート アシスタンス (PNRP-送信)"	"ピア名解決プロトコルの使用を許可するためのリモート アシスタンスの送信規則です。 [UDP]"	"はい"	"出力"	"ドメイン,プライベート"	"リモート アシスタンス"	"任意"	"任意"	"UDP"	""	"任意"	"任意"	"いいえ"	"%systemroot%\system32\svchost.exe"	"pnrpsvc"	"任意"	""	""	"NotRequired"	"ローカル設定"	"許可"
"リモート アシスタンス (PNRP-送信)"	"ピア名解決プロトコルの使用を許可するためのリモート アシスタンスの送信規則です。 [UDP]"	"いいえ"	"出力"	"パブリック"	"リモート アシスタンス"	"任意"	"任意"	"UDP"	""	"任意"	"任意"	"いいえ"	"%systemroot%\system32\svchost.exe"	"pnrpsvc"	"任意"	""	""	"NotRequired"	"ローカル設定"	"許可"
"リモート アシスタンス (RA サーバー TCP 受信)"	"リモート アシスタンス トラフィックの受信規です。[UDP]"	"はい"	"入力"	"ドメイン"	"リモート アシスタンス"	"任意"	"任意"	"TCP"	""	"任意"	"任意"	"いいえ"	"%SystemRoot%\system32\raserver.exe"	""	"任意"	""	""	"NotRequired"	"ローカル設定"	"許可"
"リモート アシスタンス (RA サーバー TCP 送信)"	"リモート アシスタンス トラフィックの送信規則です。 [UDP]"	"はい"	"出力"	"ドメイン"	"リモート アシスタンス"	"任意"	"任意"	"TCP"	""	"任意"	"任意"	"いいえ"	"%SystemRoot%\system32\raserver.exe"	""	"任意"	""	""	"NotRequired"	"ローカル設定"	"許可"
"リモート アシスタンス (SSDP TCP-受信)"	"ユニバーサル プラグ アンド プレイの使用を許可するためのリモート アシスタンスの受信規則です。[TCP 2869]"	"はい"	"入力"	"ドメイン,プライベート"	"リモート アシスタンス"	"任意"	"LocalSubnet"	"TCP"	""	"2869"	"任意"	"いいえ"	"System"	""	"任意"	""	""	"NotRequired"	"ローカル設定"	"許可"
"リモート アシスタンス (SSDP TCP-送信)"	"ユニバーサル プラグ アンド プレイの使用を許可するためのリモート アシスタンスの送信規則です。[TCP]"	"はい"	"出力"	"ドメイン,プライベート"	"リモート アシスタンス"	"任意"	"LocalSubnet"	"TCP"	""	"任意"	"任意"	"いいえ"	"System"	""	"任意"	""	""	"NotRequired"	"ローカル設定"	"許可"
"リモート アシスタンス (SSDP UDP-受信)"	"Simple Service Discovery Protocol の使用を許可するためのリモート アシスタンスの受信規則です。[UDP 1900]"	"はい"	"入力"	"ドメイン,プライベート"	"リモート アシスタンス"	"任意"	"LocalSubnet"	"UDP"	""	"1900"	"任意"	"いいえ"	"%SystemRoot%\system32\svchost.exe"	"Ssdpsrv"	"任意"	""	""	"NotRequired"	"ローカル設定"	"許可"
"リモート アシスタンス (SSDP UDP-送信)"	"Simple Service Discovery Protocol の使用を許可するためのリモート アシスタンスの送信規則です。[UDP 1900]"	"はい"	"出力"	"ドメイン,プライベート"	"リモート アシスタンス"	"任意"	"LocalSubnet"	"UDP"	""	"任意"	"1900"	"いいえ"	"%SystemRoot%\system32\svchost.exe"	"Ssdpsrv"	"任意"	""	""	"NotRequired"	"ローカル設定"	"許可"
"リモート アシスタンス (TCP 受信)"	"リモート アシスタンス トラフィックの受信規則です。[TCP]"	"はい"	"入力"	"ドメイン,プライベート"	"リモート アシスタンス"	"任意"	"任意"	"TCP"	""	"任意"	"任意"	"アプリケーションに従う"	"%SystemRoot%\system32\msra.exe"	""	"任意"	""	""	"NotRequired"	"ローカル設定"	"許可"
"リモート アシスタンス (TCP 受信)"	"リモート アシスタンス トラフィックの受信規則です。[TCP]"	"いいえ"	"入力"	"パブリック"	"リモート アシスタンス"	"任意"	"任意"	"TCP"	""	"任意"	"任意"	"アプリケーションに従う"	"%SystemRoot%\system32\msra.exe"	""	"任意"	""	""	"NotRequired"	"ローカル設定"	"許可"
"リモート アシスタンス (TCP 送信)"	"リモート アシスタンス トラフィックの送信規則です。[TCP]"	"はい"	"出力"	"ドメイン,プライベート"	"リモート アシスタンス"	"任意"	"任意"	"TCP"	""	"任意"	"任意"	"いいえ"	"%SystemRoot%\system32\msra.exe"	""	"任意"	""	""	"NotRequired"	"ローカル設定"	"許可"
"リモート アシスタンス (TCP 送信)"	"リモート アシスタンス トラフィックの送信規則です。[TCP]"	"いいえ"	"出力"	"パブリック"	"リモート アシスタンス"	"任意"	"任意"	"TCP"	""	"任意"	"任意"	"いいえ"	"%SystemRoot%\system32\msra.exe"	""	"任意"	""	""	"NotRequired"	"ローカル設定"	"許可"
"リモート イベント モニター (RPC)"	"RPC/TCP 経由のリモート イベント監視の受信規則です。"	"いいえ"	"入力"	"ドメイン,プライベート,パブリック"	"リモート イベント モニター"	"任意"	"任意"	"TCP"	""	"RPC"	"任意"	"いいえ"	"%SystemRoot%\system32\NetEvtFwdr.exe"	""	"任意"	""	""	"NotRequired"	"ローカル設定"	"許可"
"リモート イベント モニター (RPC-EPMAP)"	"リモート イベント監視の RPC/TCP トラフィックを許可するための RPCSS サービスの受信規則です"	"いいえ"	"入力"	"ドメイン,プライベート,パブリック"	"リモート イベント モニター"	"任意"	"任意"	"TCP"	""	"RPC-EPMap"	"任意"	"いいえ"	"%SystemRoot%\system32\svchost.exe"	"RPCSS"	"任意"	""	""	"NotRequired"	"ローカル設定"	"許可"
"リモート イベント ログ管理 (RPC-EPMAP)"	"ローカル イベント ログ サービスの RPC/TCP トラフィックを許可するための RPCSS サービスの受信規則です。"	"いいえ"	"入力"	"ドメイン"	"リモート イベントのログ管理"	"任意"	"任意"	"TCP"	""	"RPC-EPMap"	"任意"	"いいえ"	"%SystemRoot%\system32\svchost.exe"	"RPCSS"	"任意"	""	""	"NotRequired"	"ローカル設定"	"許可"
"リモート イベント ログ管理 (RPC-EPMAP)"	"ローカル イベント ログ サービスの RPC/TCP トラフィックを許可するための RPCSS サービスの受信規則です。"	"いいえ"	"入力"	"プライベート,パブリック"	"リモート イベントのログ管理"	"任意"	"LocalSubnet"	"TCP"	""	"RPC-EPMap"	"任意"	"いいえ"	"%SystemRoot%\system32\svchost.exe"	"RPCSS"	"任意"	""	""	"NotRequired"	"ローカル設定"	"許可"
"リモート イベントのログ管理 (NP 受信)"	"ローカル イベント ログ サービスを名前付きパイプ経由でリモート管理するための受信規則です。"	"いいえ"	"入力"	"ドメイン"	"リモート イベントのログ管理"	"任意"	"任意"	"TCP"	""	"445"	"任意"	"いいえ"	"System"	""	"任意"	""	""	"NotRequired"	"ローカル設定"	"許可"
"リモート イベントのログ管理 (NP 受信)"	"ローカル イベント ログ サービスを名前付きパイプ経由でリモート管理するための受信規則です。"	"いいえ"	"入力"	"プライベート,パブリック"	"リモート イベントのログ管理"	"任意"	"LocalSubnet"	"TCP"	""	"445"	"任意"	"いいえ"	"System"	""	"任意"	""	""	"NotRequired"	"ローカル設定"	"許可"
"リモート イベントのログ管理 (RPC)"	"ローカル イベント ログ サービスを RPC/TCP 経由でリモート管理するための受信規則です。"	"いいえ"	"入力"	"ドメイン"	"リモート イベントのログ管理"	"任意"	"任意"	"TCP"	""	"RPC"	"任意"	"いいえ"	"%SystemRoot%\system32\svchost.exe"	"Eventlog"	"任意"	""	""	"NotRequired"	"ローカル設定"	"許可"
"リモート イベントのログ管理 (RPC)"	"ローカル イベント ログ サービスを RPC/TCP 経由でリモート管理するための受信規則です。"	"いいえ"	"入力"	"プライベート,パブリック"	"リモート イベントのログ管理"	"任意"	"LocalSubnet"	"TCP"	""	"RPC"	"任意"	"いいえ"	"%SystemRoot%\system32\svchost.exe"	"Eventlog"	"任意"	""	""	"NotRequired"	"ローカル設定"	"許可"
"リモート サービス管理 (NP 受信)"	"名前付きパイプ経由でリモートで管理されるローカル サービス コントロール マネージャーの受信規則です。"	"いいえ"	"入力"	"ドメイン"	"リモート サービス管理"	"任意"	"任意"	"TCP"	""	"445"	"任意"	"いいえ"	"System"	""	"任意"	""	""	"NotRequired"	"ローカル設定"	"許可"
"リモート サービス管理 (NP 受信)"	"名前付きパイプ経由でリモートで管理されるローカル サービス コントロール マネージャーの受信規則です。"	"いいえ"	"入力"	"プライベート,パブリック"	"リモート サービス管理"	"任意"	"LocalSubnet"	"TCP"	""	"445"	"任意"	"いいえ"	"System"	""	"任意"	""	""	"NotRequired"	"ローカル設定"	"許可"
"リモート サービス管理 (RPC)"	"RPC/TCP 経由でリモートで管理されるローカル サービス コントロール マネージャーの受信規則です。"	"いいえ"	"入力"	"ドメイン"	"リモート サービス管理"	"任意"	"任意"	"TCP"	""	"RPC"	"任意"	"いいえ"	"%SystemRoot%\system32\services.exe"	""	"任意"	""	""	"NotRequired"	"ローカル設定"	"許可"
"リモート サービス管理 (RPC)"	"RPC/TCP 経由でリモートで管理されるローカル サービス コントロール マネージャーの受信規則です。"	"いいえ"	"入力"	"プライベート,パブリック"	"リモート サービス管理"	"任意"	"LocalSubnet"	"TCP"	""	"RPC"	"任意"	"いいえ"	"%SystemRoot%\system32\services.exe"	""	"任意"	""	""	"NotRequired"	"ローカル設定"	"許可"
"リモート サービス管理 (RPC-EPMAP)"	"ローカル サービス コントロール マネージャーの RPC/TCP トラフィックを許可するための RPCSS サービスの受信規則です。"	"いいえ"	"入力"	"ドメイン"	"リモート サービス管理"	"任意"	"任意"	"TCP"	""	"RPC-EPMap"	"任意"	"いいえ"	"%SystemRoot%\system32\svchost.exe"	"RPCSS"	"任意"	""	""	"NotRequired"	"ローカル設定"	"許可"
"リモート サービス管理 (RPC-EPMAP)"	"ローカル サービス コントロール マネージャーの RPC/TCP トラフィックを許可するための RPCSS サービスの受信規則です。"	"いいえ"	"入力"	"プライベート,パブリック"	"リモート サービス管理"	"任意"	"LocalSubnet"	"TCP"	""	"RPC-EPMap"	"任意"	"いいえ"	"%SystemRoot%\system32\svchost.exe"	"RPCSS"	"任意"	""	""	"NotRequired"	"ローカル設定"	"許可"
"リモート シャットダウンの受信規則 (RPC-EP 受信)"	"RPC/TCP トラフィックを許可する RPCSS サービスの受信規則"	"いいえ"	"入力"	"ドメイン,プライベート,パブリック"	"リモート シャットダウン"	"任意"	"任意"	"TCP"	""	"RPC-EPMap"	"任意"	"いいえ"	"%systemroot%\system32\wininit.exe"	""	"任意"	""	""	"NotRequired"	"ローカル設定"	"許可"
"リモート シャットダウンの受信規則 (TCP 受信)"	"動的 RPC/TCP 経由のリモート シャットダウンの受信規則です。"	"いいえ"	"入力"	"ドメイン,プライベート,パブリック"	"リモート シャットダウン"	"任意"	"任意"	"TCP"	""	"RPC"	"任意"	"いいえ"	"%systemroot%\system32\wininit.exe"	""	"任意"	""	""	"NotRequired"	"ローカル設定"	"許可"
"リモート ボリューム管理 - 仮想ディスク サービス (RPC)"	"RPC/TCP 経由でリモートで管理されるリモート ボリューム管理 - 仮想ディスク サービスの受信規則です。"	"いいえ"	"入力"	"ドメイン"	"リモート ボリューム管理"	"任意"	"任意"	"TCP"	""	"RPC"	"任意"	"いいえ"	"%SystemRoot%\system32\vds.exe"	"vds"	"任意"	""	""	"NotRequired"	"ローカル設定"	"許可"
"リモート ボリューム管理 - 仮想ディスク サービス (RPC)"	"RPC/TCP 経由でリモートで管理されるリモート ボリューム管理 - 仮想ディスク サービスの受信規則です。"	"いいえ"	"入力"	"プライベート,パブリック"	"リモート ボリューム管理"	"任意"	"LocalSubnet"	"TCP"	""	"RPC"	"任意"	"いいえ"	"%SystemRoot%\system32\vds.exe"	"vds"	"任意"	""	""	"NotRequired"	"ローカル設定"	"許可"
"リモート ボリューム管理 - 仮想ディスク サービス ローダー (RPC)"	"RPC/TCP 経由でリモートで管理されるリモート ボリューム管理 - 仮想ディスク サービス ローダーの受信規則です。"	"いいえ"	"入力"	"ドメイン"	"リモート ボリューム管理"	"任意"	"任意"	"TCP"	""	"RPC"	"任意"	"いいえ"	"%SystemRoot%\system32\vdsldr.exe"	""	"任意"	""	""	"NotRequired"	"ローカル設定"	"許可"
"リモート ボリューム管理 - 仮想ディスク サービス ローダー (RPC)"	"RPC/TCP 経由でリモートで管理されるリモート ボリューム管理 - 仮想ディスク サービス ローダーの受信規則です。"	"いいえ"	"入力"	"プライベート,パブリック"	"リモート ボリューム管理"	"任意"	"LocalSubnet"	"TCP"	""	"RPC"	"任意"	"いいえ"	"%SystemRoot%\system32\vdsldr.exe"	""	"任意"	""	""	"NotRequired"	"ローカル設定"	"許可"
"リモート ボリューム管理 (RPC-EPMAP)"	"リモート ボリューム管理のための RPC/TCP トラフィックを許可する RPCSS サービスの受信規則です。"	"いいえ"	"入力"	"ドメイン"	"リモート ボリューム管理"	"任意"	"任意"	"TCP"	""	"RPC-EPMap"	"任意"	"いいえ"	"%SystemRoot%\system32\svchost.exe"	"RPCSS"	"任意"	""	""	"NotRequired"	"ローカル設定"	"許可"
"リモート ボリューム管理 (RPC-EPMAP)"	"リモート ボリューム管理のための RPC/TCP トラフィックを許可する RPCSS サービスの受信規則です。"	"いいえ"	"入力"	"プライベート,パブリック"	"リモート ボリューム管理"	"任意"	"LocalSubnet"	"TCP"	""	"RPC-EPMap"	"任意"	"いいえ"	"%SystemRoot%\system32\svchost.exe"	"RPCSS"	"任意"	""	""	"NotRequired"	"ローカル設定"	"許可"
"ルーティングとリモート アクセス (GRE 受信)"	"Generic Routing Encapsulation プロトコル トラフィックを許可するための RRAS の受信規則です。"	"いいえ"	"入力"	"ドメイン,プライベート,パブリック"	"ルーティングとリモート アクセス"	"任意"	"任意"	"47"	""	""	""	"いいえ"	"System"	""	"任意"	""	""	"NotRequired"	"ローカル設定"	"許可"
"ルーティングとリモート アクセス (GRE 送信)"	"Generic Routing Encapsulation プロトコル トラフィックを許可するための RRAS の送信規則です。"	"いいえ"	"出力"	"ドメイン,プライベート,パブリック"	"ルーティングとリモート アクセス"	"任意"	"任意"	"47"	""	""	""	"いいえ"	"System"	""	"任意"	""	""	"NotRequired"	"ローカル設定"	"許可"
"ルーティングとリモート アクセス (L2TP 受信)"	"レイヤー 2 トンネル プロトコル トラフィックを許可するための RRAS の受信規則です。[UDP 1701]"	"いいえ"	"入力"	"ドメイン,プライベート,パブリック"	"ルーティングとリモート アクセス"	"任意"	"任意"	"UDP"	""	"1701"	"任意"	"いいえ"	"System"	""	"任意"	""	""	"NotRequired"	"ローカル設定"	"許可"
"ルーティングとリモート アクセス (L2TP 送信)"	"レイヤー 2 トンネル プロトコル トラフィックを許可するための RRAS の送信規則です。[UDP 1701]"	"いいえ"	"出力"	"ドメイン,プライベート,パブリック"	"ルーティングとリモート アクセス"	"任意"	"任意"	"UDP"	""	"任意"	"1701"	"いいえ"	"System"	""	"任意"	""	""	"NotRequired"	"ローカル設定"	"許可"
"ルーティングとリモート アクセス (PPTP 受信)"	"Point-to-Point トンネル プロトコル トラフィックを許可するための RRAS の受信規則です。[TCP 1723]"	"いいえ"	"入力"	"ドメイン,プライベート,パブリック"	"ルーティングとリモート アクセス"	"任意"	"任意"	"TCP"	""	"1723"	"任意"	"いいえ"	"System"	""	"任意"	""	""	"NotRequired"	"ローカル設定"	"許可"
"ルーティングとリモート アクセス (PPTP 送信)"	"Point-to-Point トンネル プロトコル トラフィックを許可するための RRAS の送信規則です。[TCP 1723]"	"いいえ"	"出力"	"ドメイン,プライベート,パブリック"	"ルーティングとリモート アクセス"	"任意"	"任意"	"TCP"	""	"任意"	"1723"	"いいえ"	"System"	""	"任意"	""	""	"NotRequired"	"ローカル設定"	"許可"
"ワイヤレス ディスプレイ (TCP 出力)"	"ワイヤレス ディスプレイの送信ルール [TCP]"	"はい"	"出力"	"ドメイン,プライベート,パブリック"	"ワイヤレス ディスプレイ"	"任意"	"任意"	"TCP"	""	"任意"	"任意"	"いいえ"	"%systemroot%\system32\WUDFHost.exe"	""	"任意"	""	""	"NotRequired"	"ローカル設定"	"許可"
"ワイヤレス ディスプレイ (TCP 入力)"	"ワイヤレス ディスプレイの受信ルール [TCP]"	"はい"	"入力"	"ドメイン,プライベート,パブリック"	"ワイヤレス ディスプレイ"	"任意"	"任意"	"TCP"	""	"任意"	"任意"	"いいえ"	"%systemroot%\system32\WUDFHost.exe"	""	"任意"	""	""	"NotRequired"	"ローカル設定"	"許可"
"ワイヤレス ディスプレイ (UDP 出力)"	"ワイヤレス ディスプレイの送信ルール [UDP]"	"はい"	"出力"	"ドメイン,プライベート,パブリック"	"ワイヤレス ディスプレイ"	"任意"	"任意"	"UDP"	""	"任意"	"任意"	"いいえ"	"%systemroot%\system32\WUDFHost.exe"	""	"任意"	""	""	"NotRequired"	"ローカル設定"	"許可"
"ワイヤレス ディスプレイ インフラストラクチャ バック チャネル (TCP 受信)"	"ワイヤレス ディスプレイ インフラストラクチャ バック チャネルの受信規則 [TCP]"	"はい"	"入力"	"ドメイン,プライベート,パブリック"	"ワイヤレス ディスプレイ"	"任意"	"任意"	"TCP"	""	"7250"	"任意"	"いいえ"	"%systemroot%\system32\CastSrv.exe"	""	"任意"	""	""	"NotRequired"	"ローカル設定"	"許可"
"ワイヤレス ポータブル デバイス (SSDP 受信)"	"Simple Service Discovery Protocol の使用を許可するためのワイヤレス ポータブル デバイスの受信規則です。[UDP 1900]"	"いいえ"	"入力"	"ドメイン,プライベート,パブリック"	"ワイヤレス ポータブル デバイス"	"任意"	"LocalSubnet"	"UDP"	""	"1900"	"任意"	"いいえ"	"%SystemRoot%\system32\svchost.exe"	"Ssdpsrv"	"任意"	""	""	"NotRequired"	"ローカル設定"	"許可"
"ワイヤレス ポータブル デバイス (SSDP 送信)"	"Simple Service Discovery Protocol の使用を許可するためのワイヤレス ポータブル デバイスの送信規則です。[UDP 1900]"	"いいえ"	"出力"	"ドメイン,プライベート,パブリック"	"ワイヤレス ポータブル デバイス"	"任意"	"LocalSubnet"	"UDP"	""	"任意"	"1900"	"いいえ"	"%SystemRoot%\system32\svchost.exe"	"Ssdpsrv"	"任意"	""	""	"NotRequired"	"ローカル設定"	"許可"
"ワイヤレス ポータブル デバイス (TCP 送信)"	"ユーザー モード ドライバー フレームワークの使用を許可するためのワイヤレス ポータブル デバイスの送信規則です。[TCP]"	"いいえ"	"出力"	"ドメイン"	"ワイヤレス ポータブル デバイス"	"任意"	"任意"	"TCP"	""	"任意"	"15740"	"いいえ"	"%SystemRoot%\system32\wudfhost.exe"	""	"任意"	""	""	"NotRequired"	"ローカル設定"	"許可"
"ワイヤレス ポータブル デバイス (TCP 送信)"	"ユーザー モード ドライバー フレームワークの使用を許可するためのワイヤレス ポータブル デバイスの送信規則です。[TCP]"	"いいえ"	"出力"	"プライベート,パブリック"	"ワイヤレス ポータブル デバイス"	"任意"	"LocalSubnet"	"TCP"	""	"任意"	"15740"	"いいえ"	"%SystemRoot%\system32\wudfhost.exe"	""	"任意"	""	""	"NotRequired"	"ローカル設定"	"許可"
"ワイヤレス ポータブル デバイス (UPnP 受信)"	"ユニバーサル プラグ アンド プレイの使用を許可するためのワイヤレス ポータブル デバイスの受信規則です。[TCP 2869]"	"いいえ"	"入力"	"ドメイン,プライベート,パブリック"	"ワイヤレス ポータブル デバイス"	"任意"	"LocalSubnet"	"TCP"	""	"2869"	"任意"	"いいえ"	"System"	""	"任意"	""	""	"NotRequired"	"ローカル設定"	"許可"
"ワイヤレス ポータブル デバイス (UPnP 送信)"	"ユニバーサル プラグ アンド プレイの使用を許可するためのワイヤレス ポータブル デバイスの送信規則です。[TCP]"	"いいえ"	"出力"	"ドメイン,プライベート,パブリック"	"ワイヤレス ポータブル デバイス"	"任意"	"LocalSubnet"	"TCP"	""	"任意"	"2869"	"いいえ"	"%SystemRoot%\system32\svchost.exe"	"fdphost"	"任意"	""	""	"NotRequired"	"ローカル設定"	"許可"
"ワイヤレス ポータブル デバイス (UPnPHost 送信)"	"ユニバーサル プラグ アンド プレイの使用を許可するためのワイヤレス ポータブル デバイスの送信規則です。 [TCP]"	"いいえ"	"出力"	"ドメイン,プライベート,パブリック"	"ワイヤレス ポータブル デバイス"	"任意"	"LocalSubnet"	"TCP"	""	"任意"	"2869"	"いいえ"	"%SystemRoot%\system32\svchost.exe"	"upnphost"	"任意"	""	""	"NotRequired"	"ローカル設定"	"許可"
"分散トランザクション コーディネーター (RPC)"	"RPC/TCP 経由でリモートで管理される分散トランザクション コーディネーター サービスのカーネル トランザクション リソース マネージャーの受信規則です。"	"いいえ"	"入力"	"ドメイン"	"分散トランザクション コーディネーター"	"任意"	"任意"	"TCP"	""	"RPC"	"任意"	"いいえ"	"%SystemRoot%\system32\svchost.exe"	"ktmrm"	"任意"	""	""	"NotRequired"	"ローカル設定"	"許可"
"分散トランザクション コーディネーター (RPC)"	"RPC/TCP 経由でリモートで管理される分散トランザクション コーディネーター サービスのカーネル トランザクション リソース マネージャーの受信規則です。"	"いいえ"	"入力"	"プライベート,パブリック"	"分散トランザクション コーディネーター"	"任意"	"LocalSubnet"	"TCP"	""	"RPC"	"任意"	"いいえ"	"%SystemRoot%\system32\svchost.exe"	"ktmrm"	"任意"	""	""	"NotRequired"	"ローカル設定"	"許可"
"分散トランザクション コーディネーター (RPC-EPMAP)"	"分散トランザクション コーディネーター サービスのカーネル トランザクション リソース マネージャーに対して RPC/TCP トラフィックを許可するための RPCSS サービスの受信規則です。"	"いいえ"	"入力"	"ドメイン"	"分散トランザクション コーディネーター"	"任意"	"任意"	"TCP"	""	"RPC-EPMap"	"任意"	"いいえ"	"%SystemRoot%\system32\svchost.exe"	"RPCSS"	"任意"	""	""	"NotRequired"	"ローカル設定"	"許可"
"分散トランザクション コーディネーター (RPC-EPMAP)"	"分散トランザクション コーディネーター サービスのカーネル トランザクション リソース マネージャーに対して RPC/TCP トラフィックを許可するための RPCSS サービスの受信規則です。"	"いいえ"	"入力"	"プライベート,パブリック"	"分散トランザクション コーディネーター"	"任意"	"LocalSubnet"	"TCP"	""	"RPC-EPMap"	"任意"	"いいえ"	"%SystemRoot%\system32\svchost.exe"	"RPCSS"	"任意"	""	""	"NotRequired"	"ローカル設定"	"許可"
"分散トランザクション コーディネーター (TCP 受信)"	"分散トランザクション コーディネーターのトラフィックを許可するための受信規則です。[TCP]"	"いいえ"	"入力"	"ドメイン"	"分散トランザクション コーディネーター"	"任意"	"任意"	"TCP"	""	"任意"	"任意"	"いいえ"	"%SystemRoot%\system32\msdtc.exe"	""	"任意"	""	""	"NotRequired"	"ローカル設定"	"許可"
"分散トランザクション コーディネーター (TCP 受信)"	"分散トランザクション コーディネーターのトラフィックを許可するための受信規則です。[TCP]"	"いいえ"	"入力"	"プライベート,パブリック"	"分散トランザクション コーディネーター"	"任意"	"LocalSubnet"	"TCP"	""	"任意"	"任意"	"いいえ"	"%SystemRoot%\system32\msdtc.exe"	""	"任意"	""	""	"NotRequired"	"ローカル設定"	"許可"
"分散トランザクション コーディネーター (TCP 送信)"	"分散トランザクション コーディネーターのトラフィックを許可するための送信規則です。[TCP]"	"いいえ"	"出力"	"ドメイン"	"分散トランザクション コーディネーター"	"任意"	"任意"	"TCP"	""	"任意"	"任意"	"いいえ"	"%SystemRoot%\system32\msdtc.exe"	""	"任意"	""	""	"NotRequired"	"ローカル設定"	"許可"
"分散トランザクション コーディネーター (TCP 送信)"	"分散トランザクション コーディネーターのトラフィックを許可するための送信規則です。[TCP]"	"いいえ"	"出力"	"プライベート,パブリック"	"分散トランザクション コーディネーター"	"任意"	"LocalSubnet"	"TCP"	""	"任意"	"任意"	"いいえ"	"%SystemRoot%\system32\msdtc.exe"	""	"任意"	""	""	"NotRequired"	"ローカル設定"	"許可"
